Name,Description,Time
zygarde-complete,Found,12-09-2021 13:00:37
abomasnow,Found,12-09-2021 13:00:37
abomasnow-mega,Found,12-09-2021 13:00:37
abra,Found,12-09-2021 13:00:37
absol,Found,12-09-2021 13:00:37
absol-mega,Found,12-09-2021 13:00:38
accelgor,Found,12-09-2021 13:00:38
aegislash-blade,Found,12-09-2021 13:00:38
aegislash-shield,Found,12-09-2021 13:00:38
aerodactyl,Found,12-09-2021 13:00:38
aerodactyl-mega,Found,12-09-2021 13:00:38
aggron,Found,12-09-2021 13:00:38
aggron-mega,Found,12-09-2021 13:00:38
aipom,Found,12-09-2021 13:00:38
alakazam,Found,12-09-2021 13:00:38
alakazam-mega,Found,12-09-2021 13:00:38
alcremie,Found,12-09-2021 13:00:38
alomomola,Found,12-09-2021 13:00:38
altaria,Found,12-09-2021 13:00:38
altaria-mega,Found,12-09-2021 13:00:38
amaura,Found,12-09-2021 13:00:38
ambipom,Found,12-09-2021 13:00:38
amoonguss,Found,12-09-2021 13:00:39
ampharos,Found,12-09-2021 13:00:39
ampharos-mega,Found,12-09-2021 13:00:39
anorith,Found,12-09-2021 13:00:39
appletun,Found,12-09-2021 13:00:39
applin,Found,12-09-2021 13:00:39
araquanid,Found,12-09-2021 13:00:39
arbok,Found,12-09-2021 13:00:39
arcanine,Found,12-09-2021 13:00:39
arceus,Found,12-09-2021 13:00:39
archen,Found,12-09-2021 13:00:39
archeops,Found,12-09-2021 13:00:39
arctovish,Found,12-09-2021 13:00:39
arctozolt,Found,12-09-2021 13:00:39
ariados,Found,12-09-2021 13:00:39
armaldo,Found,12-09-2021 13:00:39
aromatisse,Found,12-09-2021 13:00:39
aron,Found,12-09-2021 13:00:40
arrokuda,Found,12-09-2021 13:00:40
articuno,Found,12-09-2021 13:00:40
articuno-galarian,Not Found,12-09-2021 13:00:40
audino,Found,12-09-2021 13:00:40
audino-mega,Found,12-09-2021 13:00:40
aurorus,Found,12-09-2021 13:00:40
avalugg,Found,12-09-2021 13:00:40
axew,Found,12-09-2021 13:00:40
azelf,Found,12-09-2021 13:00:40
azumarill,Found,12-09-2021 13:00:40
azurill,Found,12-09-2021 13:00:40
bagon,Found,12-09-2021 13:00:40
baltoy,Found,12-09-2021 13:00:40
banette,Found,12-09-2021 13:00:41
banette-mega,Found,12-09-2021 13:00:42
barbaracle,Found,12-09-2021 13:00:43
barboach,Found,12-09-2021 13:00:44
barraskewda,Found,12-09-2021 13:00:44
basculin-blue-striped,Found,12-09-2021 13:00:45
basculin-red-striped,Found,12-09-2021 13:00:45
bastiodon,Found,12-09-2021 13:00:46
bayleef,Found,12-09-2021 13:00:46
beartic,Found,12-09-2021 13:00:47
beautifly,Found,12-09-2021 13:00:48
beedrill,Found,12-09-2021 13:00:48
beedrill-mega,Found,12-09-2021 13:00:48
beheeyem,Found,12-09-2021 13:00:48
beldum,Found,12-09-2021 13:00:48
bellossom,Found,12-09-2021 13:00:48
bellsprout,Found,12-09-2021 13:00:48
bergmite,Found,12-09-2021 13:00:49
bewear,Found,12-09-2021 13:00:50
bibarel,Found,12-09-2021 13:00:51
bidoof,Found,12-09-2021 13:00:51
binacle,Found,12-09-2021 13:00:52
bisharp,Found,12-09-2021 13:00:53
blacephalon,Found,12-09-2021 13:00:53
blastoise,Found,12-09-2021 13:00:54
blastoise-mega,Found,12-09-2021 13:00:55
blaziken,Found,12-09-2021 13:00:55
blaziken-mega,Found,12-09-2021 13:00:56
blipbug,Found,12-09-2021 13:00:56
blissey,Found,12-09-2021 13:00:56
blitzle,Found,12-09-2021 13:00:57
boldore,Found,12-09-2021 13:00:58
boltund,Found,12-09-2021 13:00:58
bonsly,Found,12-09-2021 13:00:58
bouffalant,Found,12-09-2021 13:00:58
bounsweet,Found,12-09-2021 13:00:59
braixen,Found,12-09-2021 13:00:59
braviary,Found,12-09-2021 13:01:00
breloom,Found,12-09-2021 13:01:01
brionne,Found,12-09-2021 13:01:03
bronzong,Found,12-09-2021 13:01:04
bronzor,Found,12-09-2021 13:01:05
bruxish,Found,12-09-2021 13:01:05
budew,Found,12-09-2021 13:01:07
buizel,Found,12-09-2021 13:01:07
bulbasaur,Found,12-09-2021 13:01:07
buneary,Found,12-09-2021 13:01:07
bunnelby,Found,12-09-2021 13:01:09
burmy,Found,12-09-2021 13:01:10
butterfree,Found,12-09-2021 13:01:11
buzzwole,Found,12-09-2021 13:01:12
cacnea,Found,12-09-2021 13:01:13
cacturne,Found,12-09-2021 13:01:14
calyrex,Found,12-09-2021 13:01:14
calyrex-ice-rider,Found,12-09-2021 13:01:14
calyrex-shadow-rider,Found,12-09-2021 13:01:15
camerupt,Found,12-09-2021 13:01:16
camerupt-mega,Found,12-09-2021 13:01:17
carbink,Found,12-09-2021 13:01:17
carkol,Found,12-09-2021 13:01:17
carnivine,Found,12-09-2021 13:01:18
carracosta,Found,12-09-2021 13:01:18
carvanha,Found,12-09-2021 13:01:19
cascoon,Found,12-09-2021 13:01:20
castform,Found,12-09-2021 13:01:21
castform-rainy,Found,12-09-2021 13:01:21
castform-snowy,Found,12-09-2021 13:01:22
castform-sunny,Found,12-09-2021 13:01:23
caterpie,Found,12-09-2021 13:01:23
celebi,Found,12-09-2021 13:01:23
celesteela,Found,12-09-2021 13:01:23
centiskorch,Found,12-09-2021 13:01:23
chandelure,Found,12-09-2021 13:01:23
chansey,Found,12-09-2021 13:01:23
charizard,Found,12-09-2021 13:01:23
charizard-mega-x,Found,12-09-2021 13:01:23
charizard-mega-y,Found,12-09-2021 13:01:23
charjabug,Found,12-09-2021 13:01:24
charmander,Found,12-09-2021 13:01:24
charmeleon,Found,12-09-2021 13:01:24
chatot,Found,12-09-2021 13:01:24
cherrim,Found,12-09-2021 13:01:25
cherubi,Found,12-09-2021 13:01:25
chesnaught,Found,12-09-2021 13:01:26
chespin,Found,12-09-2021 13:01:27
chewtle,Found,12-09-2021 13:01:27
chikorita,Found,12-09-2021 13:01:27
chimchar,Found,12-09-2021 13:01:27
chimecho,Found,12-09-2021 13:01:28
chinchou,Found,12-09-2021 13:01:29
chingling,Found,12-09-2021 13:01:29
cinccino,Found,12-09-2021 13:01:29
cinderace,Found,12-09-2021 13:01:29
clamperl,Found,12-09-2021 13:01:30
clauncher,Found,12-09-2021 13:01:31
clawitzer,Found,12-09-2021 13:01:32
claydol,Found,12-09-2021 13:01:33
clefable,Found,12-09-2021 13:01:33
clefairy,Found,12-09-2021 13:01:33
cleffa,Found,12-09-2021 13:01:33
clobbopus,Found,12-09-2021 13:01:33
cloyster,Found,12-09-2021 13:01:33
coalossal,Found,12-09-2021 13:01:33
cobalion,Found,12-09-2021 13:01:33
cofagrigus,Found,12-09-2021 13:01:33
combee,Found,12-09-2021 13:01:33
combusken,Found,12-09-2021 13:01:34
comfey,Found,12-09-2021 13:01:34
conkeldurr,Found,12-09-2021 13:01:35
copperajah,Found,12-09-2021 13:01:35
corphish,Found,12-09-2021 13:01:38
corsola,Found,12-09-2021 13:01:38
corsola-galarian,Not Found,12-09-2021 13:01:39
corviknight,Found,12-09-2021 13:01:40
corvisquire,Found,12-09-2021 13:01:40
cosmoem,Found,12-09-2021 13:01:40
cosmog,Found,12-09-2021 13:01:41
cottonee,Found,12-09-2021 13:01:42
crabominable,Found,12-09-2021 13:01:43
crabrawler,Found,12-09-2021 13:01:44
cradily,Found,12-09-2021 13:01:44
cramorant,Found,12-09-2021 13:01:44
cranidos,Found,12-09-2021 13:01:44
crawdaunt,Found,12-09-2021 13:01:45
cresselia,Found,12-09-2021 13:01:45
croagunk,Found,12-09-2021 13:01:46
crobat,Found,12-09-2021 13:01:47
croconaw,Found,12-09-2021 13:01:48
crustle,Found,12-09-2021 13:01:48
cryogonal,Found,12-09-2021 13:01:48
cubchoo,Found,12-09-2021 13:01:49
cubone,Found,12-09-2021 13:01:49
cufant,Found,12-09-2021 13:01:49
cursola,Found,12-09-2021 13:01:49
cutiefly,Found,12-09-2021 13:01:50
cyndaquil,Found,12-09-2021 13:01:50
darkrai,Found,12-09-2021 13:01:50
darmanitan-galarian-standard,Not Found,12-09-2021 13:01:52
darmanitan-galarian-zen,Not Found,12-09-2021 13:01:54
darmanitan-standard,Found,12-09-2021 13:01:54
darmanitan-zen,Found,12-09-2021 13:01:55
dartrix,Found,12-09-2021 13:01:56
darumaka,Found,12-09-2021 13:01:56
darumaka-galarian,Not Found,12-09-2021 13:01:58
decidueye,Found,12-09-2021 13:01:59
dedenne,Found,12-09-2021 13:02:00
deerling,Found,12-09-2021 13:02:01
deino,Found,12-09-2021 13:02:01
delcatty,Found,12-09-2021 13:02:02
delibird,Found,12-09-2021 13:02:03
delphox,Found,12-09-2021 13:02:03
deoxys-attack,Found,12-09-2021 13:02:03
deoxys-defense,Found,12-09-2021 13:02:04
deoxys-normal,Found,12-09-2021 13:02:05
deoxys-speed,Found,12-09-2021 13:02:05
dewgong,Found,12-09-2021 13:02:06
dewott,Found,12-09-2021 13:02:07
dewpider,Found,12-09-2021 13:02:07
dhelmise,Found,12-09-2021 13:02:09
dialga,Found,12-09-2021 13:02:09
diancie,Found,12-09-2021 13:02:09
diancie-mega,Found,12-09-2021 13:02:10
diggersby,Found,12-09-2021 13:02:10
diglett,Found,12-09-2021 13:02:10
diglett-alolan,Not Found,12-09-2021 13:02:11
ditto,Found,12-09-2021 13:02:11
dodrio,Found,12-09-2021 13:02:12
doduo,Found,12-09-2021 13:02:12
donphan,Found,12-09-2021 13:02:12
dottler,Found,12-09-2021 13:02:12
doublade,Found,12-09-2021 13:02:12
dracovish,Found,12-09-2021 13:02:13
dracozolt,Found,12-09-2021 13:02:14
dragalge,Found,12-09-2021 13:02:14
dragapult,Found,12-09-2021 13:02:14
dragonair,Found,12-09-2021 13:02:14
dragonite,Found,12-09-2021 13:02:14
drakloak,Found,12-09-2021 13:02:14
drampa,Found,12-09-2021 13:02:14
drapion,Found,12-09-2021 13:02:14
dratini,Found,12-09-2021 13:02:14
drednaw,Found,12-09-2021 13:02:14
dreepy,Found,12-09-2021 13:02:14
drifblim,Found,12-09-2021 13:02:14
drifloon,Found,12-09-2021 13:02:15
drilbur,Found,12-09-2021 13:02:16
drizzile,Found,12-09-2021 13:02:16
drowzee,Found,12-09-2021 13:02:17
druddigon,Found,12-09-2021 13:02:17
dubwool,Found,12-09-2021 13:02:17
ducklett,Found,12-09-2021 13:02:18
dugtrio,Found,12-09-2021 13:02:19
dugtrio-alolan,Not Found,12-09-2021 13:02:21
dunsparce,Found,12-09-2021 13:02:22
duosion,Found,12-09-2021 13:02:22
duraludon,Found,12-09-2021 13:02:22
durant,Found,12-09-2021 13:02:23
dusclops,Found,12-09-2021 13:02:24
dusknoir,Found,12-09-2021 13:02:24
duskull,Found,12-09-2021 13:02:24
dustox,Found,12-09-2021 13:02:25
dwebble,Found,12-09-2021 13:02:27
eelektrik,Found,12-09-2021 13:02:27
eelektross,Found,12-09-2021 13:02:27
eevee,Found,12-09-2021 13:02:27
eevee-lets-go,Not Found,12-09-2021 13:02:29
eiscue-ice,Found,12-09-2021 13:02:29
eiscue-noice,Found,12-09-2021 13:02:30
ekans,Found,12-09-2021 13:02:30
eldegoss,Found,12-09-2021 13:02:30
electabuzz,Found,12-09-2021 13:02:30
electivire,Found,12-09-2021 13:02:31
electrike,Found,12-09-2021 13:02:32
electrode,Found,12-09-2021 13:02:33
elekid,Found,12-09-2021 13:02:34
elgyem,Found,12-09-2021 13:02:35
emboar,Found,12-09-2021 13:02:36
emolga,Found,12-09-2021 13:02:36
empoleon,Found,12-09-2021 13:02:36
entei,Found,12-09-2021 13:02:37
escavalier,Found,12-09-2021 13:02:38
espeon,Found,12-09-2021 13:02:38
espurr,Found,12-09-2021 13:02:40
eternatus,Found,12-09-2021 13:02:40
eternatus-eternamax,Found,12-09-2021 13:02:41
excadrill,Found,12-09-2021 13:02:41
exeggcute,Found,12-09-2021 13:02:42
exeggutor,Found,12-09-2021 13:02:43
exeggutor-alolan,Not Found,12-09-2021 13:02:45
exploud,Found,12-09-2021 13:02:46
falinks,Found,12-09-2021 13:02:46
farfetchd,Found,12-09-2021 13:02:47
farfetchd-galarian,Not Found,12-09-2021 13:02:48
fearow,Found,12-09-2021 13:02:48
feebas,Found,12-09-2021 13:02:49
fennekin,Found,12-09-2021 13:02:50
feraligatr,Found,12-09-2021 13:02:51
ferroseed,Found,12-09-2021 13:02:52
ferrothorn,Found,12-09-2021 13:02:53
finneon,Found,12-09-2021 13:02:53
flaaffy,Found,12-09-2021 13:02:53
flabebe,Found,12-09-2021 13:02:53
flapple,Found,12-09-2021 13:02:54
flareon,Found,12-09-2021 13:02:54
fletchinder,Found,12-09-2021 13:02:54
fletchling,Found,12-09-2021 13:02:54
floatzel,Found,12-09-2021 13:02:55
floette,Found,12-09-2021 13:02:55
florges,Found,12-09-2021 13:02:56
flygon,Found,12-09-2021 13:02:56
fomantis,Found,12-09-2021 13:02:57
foongus,Found,12-09-2021 13:02:57
forretress,Found,12-09-2021 13:02:57
fraxure,Found,12-09-2021 13:02:59
frillish,Found,12-09-2021 13:03:00
froakie,Found,12-09-2021 13:03:00
frogadier,Found,12-09-2021 13:03:01
froslass,Found,12-09-2021 13:03:01
frosmoth,Found,12-09-2021 13:03:03
furfrou,Found,12-09-2021 13:03:04
furret,Found,12-09-2021 13:03:05
gabite,Found,12-09-2021 13:03:06
gallade,Found,12-09-2021 13:03:06
gallade-mega,Found,12-09-2021 13:03:06
galvantula,Found,12-09-2021 13:03:06
garbodor,Found,12-09-2021 13:03:07
garchomp,Found,12-09-2021 13:03:07
garchomp-mega,Found,12-09-2021 13:03:07
gardevoir,Found,12-09-2021 13:03:08
gardevoir-mega,Found,12-09-2021 13:03:09
gastly,Found,12-09-2021 13:03:10
gastrodon,Found,12-09-2021 13:03:11
genesect,Found,12-09-2021 13:03:12
gengar,Found,12-09-2021 13:03:12
gengar-mega,Found,12-09-2021 13:03:13
geodude,Found,12-09-2021 13:03:13
geodude-alolan,Not Found,12-09-2021 13:03:14
gible,Found,12-09-2021 13:03:14
gigalith,Found,12-09-2021 13:03:15
girafarig,Found,12-09-2021 13:03:17
giratina-altered,Found,12-09-2021 13:03:17
giratina-origin,Found,12-09-2021 13:03:17
glaceon,Found,12-09-2021 13:03:17
glalie,Found,12-09-2021 13:03:18
glalie-mega,Found,12-09-2021 13:03:19
glameow,Found,12-09-2021 13:03:20
glastrier,Found,12-09-2021 13:03:20
gligar,Found,12-09-2021 13:03:20
gliscor,Found,12-09-2021 13:03:21
gloom,Found,12-09-2021 13:03:21
gogoat,Found,12-09-2021 13:03:21
golbat,Found,12-09-2021 13:03:21
goldeen,Found,12-09-2021 13:03:21
golduck,Found,12-09-2021 13:03:21
golem,Found,12-09-2021 13:03:22
golem-alolan,Not Found,12-09-2021 13:03:24
golett,Found,12-09-2021 13:03:25
golisopod,Found,12-09-2021 13:03:25
golurk,Found,12-09-2021 13:03:26
goodra,Found,12-09-2021 13:03:26
goomy,Found,12-09-2021 13:03:27
gorebyss,Found,12-09-2021 13:03:27
gossifleur,Found,12-09-2021 13:03:27
gothita,Found,12-09-2021 13:03:28
gothitelle,Found,12-09-2021 13:03:29
gothorita,Found,12-09-2021 13:03:29
gourgeist,Not Found,12-09-2021 13:03:31
granbull,Found,12-09-2021 13:03:31
grapploct,Found,12-09-2021 13:03:31
graveler,Found,12-09-2021 13:03:31
graveler-alolan,Not Found,12-09-2021 13:03:33
greedent,Found,12-09-2021 13:03:34
greninja,Found,12-09-2021 13:03:35
greninja-ash,Found,12-09-2021 13:03:35
grimer,Found,12-09-2021 13:03:36
grimer-alolan,Not Found,12-09-2021 13:03:37
grimmsnarl,Found,12-09-2021 13:03:37
grookey,Found,12-09-2021 13:03:37
grotle,Found,12-09-2021 13:03:37
groudon,Found,12-09-2021 13:03:38
groudon-primal,Found,12-09-2021 13:03:38
grovyle,Found,12-09-2021 13:03:38
growlithe,Found,12-09-2021 13:03:38
grubbin,Found,12-09-2021 13:03:39
grumpig,Found,12-09-2021 13:03:40
gulpin,Found,12-09-2021 13:03:42
gumshoos,Found,12-09-2021 13:03:43
gurdurr,Found,12-09-2021 13:03:44
guzzlord,Found,12-09-2021 13:03:45
gyarados,Found,12-09-2021 13:03:46
gyarados-mega,Found,12-09-2021 13:03:46
hakamo-o,Found,12-09-2021 13:03:46
happiny,Found,12-09-2021 13:03:47
hariyama,Found,12-09-2021 13:03:47
hatenna,Found,12-09-2021 13:03:47
hatterene,Found,12-09-2021 13:03:47
hattrem,Found,12-09-2021 13:03:47
haunter,Found,12-09-2021 13:03:48
hawlucha,Found,12-09-2021 13:03:49
haxorus,Found,12-09-2021 13:03:49
heatmor,Found,12-09-2021 13:03:50
heatran,Found,12-09-2021 13:03:50
heliolisk,Found,12-09-2021 13:03:50
helioptile,Found,12-09-2021 13:03:50
heracross,Found,12-09-2021 13:03:51
heracross-mega,Found,12-09-2021 13:03:52
herdier,Found,12-09-2021 13:03:52
hippopotas,Found,12-09-2021 13:03:53
hippowdon,Found,12-09-2021 13:03:54
hitmonchan,Found,12-09-2021 13:03:54
hitmonlee,Found,12-09-2021 13:03:54
hitmontop,Found,12-09-2021 13:03:54
honchkrow,Found,12-09-2021 13:03:54
honedge,Found,12-09-2021 13:03:54
ho-oh,Found,12-09-2021 13:03:54
hoopa-confined,Not Found,12-09-2021 13:03:57
hoopa-unbound,Found,12-09-2021 13:03:57
hoothoot,Found,12-09-2021 13:03:58
hoppip,Found,12-09-2021 13:03:59
horsea,Found,12-09-2021 13:04:00
houndoom,Found,12-09-2021 13:04:00
houndoom-mega,Found,12-09-2021 13:04:01
houndour,Found,12-09-2021 13:04:02
huntail,Found,12-09-2021 13:04:03
hydreigon,Found,12-09-2021 13:04:04
hypno,Found,12-09-2021 13:04:04
igglybuff,Found,12-09-2021 13:04:05
illumise,Found,12-09-2021 13:04:06
impidimp,Found,12-09-2021 13:04:06
incineroar,Found,12-09-2021 13:04:07
indeedee-female,Found,12-09-2021 13:04:07
indeedee-male,Found,12-09-2021 13:04:07
infernape,Found,12-09-2021 13:04:08
inkay,Found,12-09-2021 13:04:08
inteleon,Found,12-09-2021 13:04:09
ivysaur,Found,12-09-2021 13:04:09
jangmo-o,Found,12-09-2021 13:04:09
jellicent,Found,12-09-2021 13:04:09
jigglypuff,Found,12-09-2021 13:04:10
jirachi,Found,12-09-2021 13:04:11
jolteon,Found,12-09-2021 13:04:12
joltik,Found,12-09-2021 13:04:12
jumpluff,Found,12-09-2021 13:04:13
jynx,Found,12-09-2021 13:04:13
kabuto,Found,12-09-2021 13:04:13
kabutops,Found,12-09-2021 13:04:13
kadabra,Found,12-09-2021 13:04:13
kakuna,Found,12-09-2021 13:04:13
kangaskhan,Found,12-09-2021 13:04:13
kangaskhan-mega,Found,12-09-2021 13:04:13
karrablast,Found,12-09-2021 13:04:14
kartana,Found,12-09-2021 13:04:14
kecleon,Found,12-09-2021 13:04:15
keldeo-ordinary,Found,12-09-2021 13:04:17
keldeo-resolute,Found,12-09-2021 13:04:18
kingdra,Found,12-09-2021 13:04:18
kingler,Found,12-09-2021 13:04:20
kirlia,Found,12-09-2021 13:04:22
klang,Found,12-09-2021 13:04:23
klefki,Found,12-09-2021 13:04:24
klink,Found,12-09-2021 13:04:25
klinklang,Found,12-09-2021 13:04:25
koffing,Found,12-09-2021 13:04:25
komala,Found,12-09-2021 13:04:26
kommo-o,Found,12-09-2021 13:04:27
krabby,Found,12-09-2021 13:04:27
kricketot,Found,12-09-2021 13:04:28
kricketune,Found,12-09-2021 13:04:28
krokorok,Found,12-09-2021 13:04:29
krookodile,Found,12-09-2021 13:04:29
kubfu,Found,12-09-2021 13:04:29
kyogre,Found,12-09-2021 13:04:29
kyogre-primal,Found,12-09-2021 13:04:29
kyurem,Found,12-09-2021 13:04:30
kyurem-black,Found,12-09-2021 13:04:31
kyurem-white,Found,12-09-2021 13:04:32
lairon,Found,12-09-2021 13:04:33
lampent,Found,12-09-2021 13:04:33
landorus-incarnate,Found,12-09-2021 13:04:33
landorus-therian,Found,12-09-2021 13:04:34
lanturn,Found,12-09-2021 13:04:34
lapras,Found,12-09-2021 13:04:35
larvesta,Found,12-09-2021 13:04:35
larvitar,Found,12-09-2021 13:04:36
latias,Found,12-09-2021 13:04:37
latias-mega,Found,12-09-2021 13:04:37
latios,Found,12-09-2021 13:04:38
latios-mega,Found,12-09-2021 13:04:38
leafeon,Found,12-09-2021 13:04:38
leavanny,Found,12-09-2021 13:04:38
ledian,Found,12-09-2021 13:04:38
ledyba,Found,12-09-2021 13:04:39
lickilicky,Found,12-09-2021 13:04:39
lickitung,Found,12-09-2021 13:04:39
liepard,Found,12-09-2021 13:04:40
lileep,Found,12-09-2021 13:04:40
lilligant,Found,12-09-2021 13:04:41
lillipup,Found,12-09-2021 13:04:41
linoone,Found,12-09-2021 13:04:41
linoone-galarian,Not Found,12-09-2021 13:04:43
litleo,Found,12-09-2021 13:04:43
litten,Found,12-09-2021 13:04:44
litwick,Found,12-09-2021 13:04:44
lombre,Found,12-09-2021 13:04:45
lopunny,Found,12-09-2021 13:04:45
lopunny-mega,Found,12-09-2021 13:04:45
lotad,Found,12-09-2021 13:04:46
loudred,Found,12-09-2021 13:04:47
lucario,Found,12-09-2021 13:04:47
lucario-mega,Found,12-09-2021 13:04:47
ludicolo,Found,12-09-2021 13:04:48
lugia,Found,12-09-2021 13:04:48
lumineon,Found,12-09-2021 13:04:49
lunala,Found,12-09-2021 13:04:49
lunatone,Found,12-09-2021 13:04:49
lurantis,Found,12-09-2021 13:04:50
luvdisc,Found,12-09-2021 13:04:50
luxio,Found,12-09-2021 13:04:51
luxray,Found,12-09-2021 13:04:51
lycanroc-dusk,Found,12-09-2021 13:04:52
lycanroc-midday,Found,12-09-2021 13:04:52
lycanroc-midnight,Found,12-09-2021 13:04:53
machamp,Found,12-09-2021 13:04:53
machoke,Found,12-09-2021 13:04:54
machop,Found,12-09-2021 13:04:55
magby,Found,12-09-2021 13:04:55
magcargo,Found,12-09-2021 13:04:56
magearna,Found,12-09-2021 13:04:57
magikarp,Found,12-09-2021 13:04:58
magmar,Found,12-09-2021 13:04:58
magmortar,Found,12-09-2021 13:04:58
magnemite,Found,12-09-2021 13:04:58
magneton,Found,12-09-2021 13:04:59
magnezone,Found,12-09-2021 13:04:59
makuhita,Found,12-09-2021 13:04:59
malamar,Found,12-09-2021 13:04:59
mamoswine,Found,12-09-2021 13:05:00
manaphy,Found,12-09-2021 13:05:01
mandibuzz,Found,12-09-2021 13:05:01
manectric,Found,12-09-2021 13:05:03
manectric-mega,Found,12-09-2021 13:05:03
mankey,Found,12-09-2021 13:05:03
mantine,Found,12-09-2021 13:05:03
mantyke,Found,12-09-2021 13:05:04
maractus,Found,12-09-2021 13:05:04
mareanie,Found,12-09-2021 13:05:04
mareep,Found,12-09-2021 13:05:04
marill,Found,12-09-2021 13:05:04
marowak,Found,12-09-2021 13:05:06
marowak-alolan,Not Found,12-09-2021 13:05:07
marshadow,Found,12-09-2021 13:05:08
marshtomp,Found,12-09-2021 13:05:08
masquerain,Found,12-09-2021 13:05:08
mawile,Found,12-09-2021 13:05:09
mawile-mega,Found,12-09-2021 13:05:09
medicham,Found,12-09-2021 13:05:09
medicham-mega,Found,12-09-2021 13:05:10
meditite,Found,12-09-2021 13:05:11
meganium,Found,12-09-2021 13:05:11
melmetal,Found,12-09-2021 13:05:11
meloetta-aria,Found,12-09-2021 13:05:12
meloetta-pirouette,Found,12-09-2021 13:05:13
meltan,Found,12-09-2021 13:05:13
meowstic-female,Found,12-09-2021 13:05:14
meowstic-male,Found,12-09-2021 13:05:14
meowth,Found,12-09-2021 13:05:14
meowth-alolan,Not Found,12-09-2021 13:05:16
meowth-galarian,Not Found,12-09-2021 13:05:18
mesprit,Found,12-09-2021 13:05:18
metagross,Found,12-09-2021 13:05:18
metagross-mega,Found,12-09-2021 13:05:19
metang,Found,12-09-2021 13:05:19
metapod,Found,12-09-2021 13:05:19
mew,Found,12-09-2021 13:05:20
mewtwo,Found,12-09-2021 13:05:21
mewtwo-mega-x,Found,12-09-2021 13:05:22
mewtwo-mega-y,Found,12-09-2021 13:05:22
mienfoo,Found,12-09-2021 13:05:23
mienshao,Found,12-09-2021 13:05:24
mightyena,Found,12-09-2021 13:05:24
milcery,Found,12-09-2021 13:05:24
milotic,Found,12-09-2021 13:05:24
miltank,Found,12-09-2021 13:05:25
mime-jr,Found,12-09-2021 13:05:25
mimikyu,Not Found,12-09-2021 13:05:26
minccino,Found,12-09-2021 13:05:26
minior-core,Not Found,12-09-2021 13:05:28
minior-meteor,Not Found,12-09-2021 13:05:30
minun,Found,12-09-2021 13:05:31
misdreavus,Found,12-09-2021 13:05:31
mismagius,Found,12-09-2021 13:05:31
moltres,Found,12-09-2021 13:05:31
moltres-galarian,Not Found,12-09-2021 13:05:33
monferno,Found,12-09-2021 13:05:33
morelull,Found,12-09-2021 13:05:34
morgrem,Found,12-09-2021 13:05:34
morpeko-full-belly,Not Found,12-09-2021 13:05:36
morpeko-hangry,Not Found,12-09-2021 13:05:38
mothim,Found,12-09-2021 13:05:38
mr-mime,Found,12-09-2021 13:05:38
mr-mime-galarian,Not Found,12-09-2021 13:05:41
mr-rime,Found,12-09-2021 13:05:41
mudbray,Found,12-09-2021 13:05:41
mudkip,Found,12-09-2021 13:05:42
mudsdale,Found,12-09-2021 13:05:43
muk,Found,12-09-2021 13:05:43
muk-alolan,Not Found,12-09-2021 13:05:45
munchlax,Found,12-09-2021 13:05:45
munna,Found,12-09-2021 13:05:46
murkrow,Found,12-09-2021 13:05:47
musharna,Found,12-09-2021 13:05:47
naganadel,Found,12-09-2021 13:05:48
natu,Found,12-09-2021 13:05:48
necrozma,Found,12-09-2021 13:05:48
necrozma-dawn-wings,Not Found,12-09-2021 13:05:50
necrozma-dusk-mane,Not Found,12-09-2021 13:05:52
necrozma-ultra,Found,12-09-2021 13:05:53
nickit,Found,12-09-2021 13:05:53
nidoking,Found,12-09-2021 13:05:53
nidoqueen,Found,12-09-2021 13:05:54
nidoran-f,Found,12-09-2021 13:05:55
nidoran-m,Found,12-09-2021 13:05:55
nidorina,Found,12-09-2021 13:05:55
nidorino,Found,12-09-2021 13:05:55
nihilego,Found,12-09-2021 13:05:55
nincada,Found,12-09-2021 13:05:56
ninetales,Found,12-09-2021 13:05:56
ninetales-alolan,Not Found,12-09-2021 13:05:58
ninjask,Found,12-09-2021 13:05:58
noctowl,Found,12-09-2021 13:05:59
noibat,Found,12-09-2021 13:05:59
noivern,Found,12-09-2021 13:06:00
nosepass,Found,12-09-2021 13:06:00
numel,Found,12-09-2021 13:06:00
nuzleaf,Found,12-09-2021 13:06:01
obstagoon,Found,12-09-2021 13:06:01
octillery,Found,12-09-2021 13:06:01
oddish,Found,12-09-2021 13:06:01
omanyte,Found,12-09-2021 13:06:01
omastar,Found,12-09-2021 13:06:02
onix,Found,12-09-2021 13:06:02
oranguru,Found,12-09-2021 13:06:02
orbeetle,Found,12-09-2021 13:06:02
oricorio-baile,Found,12-09-2021 13:06:03
oricorio-pau,Found,12-09-2021 13:06:03
oricorio-pom-pom,Found,12-09-2021 13:06:03
oricorio-sensu,Found,12-09-2021 13:06:03
oshawott,Found,12-09-2021 13:06:03
pachirisu,Found,12-09-2021 13:06:04
palkia,Found,12-09-2021 13:06:04
palossand,Found,12-09-2021 13:06:05
palpitoad,Found,12-09-2021 13:06:06
pancham,Found,12-09-2021 13:06:06
pangoro,Found,12-09-2021 13:06:07
panpour,Found,12-09-2021 13:06:07
pansage,Found,12-09-2021 13:06:08
pansear,Found,12-09-2021 13:06:08
paras,Found,12-09-2021 13:06:09
parasect,Found,12-09-2021 13:06:10
passimian,Found,12-09-2021 13:06:11
patrat,Found,12-09-2021 13:06:11
pawniard,Found,12-09-2021 13:06:11
pelipper,Found,12-09-2021 13:06:11
perrserker,Found,12-09-2021 13:06:12
persian,Found,12-09-2021 13:06:12
persian-alolan,Not Found,12-09-2021 13:06:14
petilil,Found,12-09-2021 13:06:15
phanpy,Found,12-09-2021 13:06:16
phantump,Found,12-09-2021 13:06:16
pheromosa,Found,12-09-2021 13:06:16
phione,Found,12-09-2021 13:06:16
pichu,Found,12-09-2021 13:06:16
pidgeot,Found,12-09-2021 13:06:17
pidgeot-mega,Found,12-09-2021 13:06:17
pidgeotto,Found,12-09-2021 13:06:17
pidgey,Found,12-09-2021 13:06:17
pidove,Found,12-09-2021 13:06:18
pignite,Found,12-09-2021 13:06:18
pikachu,Found,12-09-2021 13:06:18
pikachu-lets-go,Not Found,12-09-2021 13:06:20
pikipek,Found,12-09-2021 13:06:21
piloswine,Found,12-09-2021 13:06:21
pincurchin,Found,12-09-2021 13:06:21
pineco,Found,12-09-2021 13:06:22
pinsir,Found,12-09-2021 13:06:23
pinsir-mega,Found,12-09-2021 13:06:25
piplup,Found,12-09-2021 13:06:25
plusle,Found,12-09-2021 13:06:25
poipole,Found,12-09-2021 13:06:26
politoed,Found,12-09-2021 13:06:26
poliwag,Found,12-09-2021 13:06:26
poliwhirl,Found,12-09-2021 13:06:27
poliwrath,Found,12-09-2021 13:06:27
polteageist,Found,12-09-2021 13:06:27
ponyta,Found,12-09-2021 13:06:27
ponyta-galarian,Not Found,12-09-2021 13:06:29
poochyena,Found,12-09-2021 13:06:30
popplio,Found,12-09-2021 13:06:30
porygon,Found,12-09-2021 13:06:30
porygon2,Found,12-09-2021 13:06:32
porygon-z,Found,12-09-2021 13:06:32
primarina,Found,12-09-2021 13:06:33
primeape,Found,12-09-2021 13:06:33
prinplup,Found,12-09-2021 13:06:33
probopass,Found,12-09-2021 13:06:33
psyduck,Found,12-09-2021 13:06:34
pumpkaboo,Not Found,12-09-2021 13:06:37
pupitar,Found,12-09-2021 13:06:38
purrloin,Found,12-09-2021 13:06:39
purugly,Found,12-09-2021 13:06:40
pyroar,Found,12-09-2021 13:06:40
pyukumuku,Found,12-09-2021 13:06:40
quagsire,Found,12-09-2021 13:06:41
quilava,Found,12-09-2021 13:06:42
quilladin,Found,12-09-2021 13:06:42
qwilfish,Found,12-09-2021 13:06:42
raboot,Found,12-09-2021 13:06:42
raichu,Found,12-09-2021 13:06:42
raichu-alolan,Not Found,12-09-2021 13:06:44
raikou,Found,12-09-2021 13:06:44
ralts,Found,12-09-2021 13:06:45
rampardos,Found,12-09-2021 13:06:45
rapidash,Found,12-09-2021 13:06:45
rapidash-galarian,Not Found,12-09-2021 13:06:47
raticate,Found,12-09-2021 13:06:47
raticate-alolan,Not Found,12-09-2021 13:06:48
rattata,Found,12-09-2021 13:06:49
rattata-alolan,Not Found,12-09-2021 13:06:50
rayquaza,Found,12-09-2021 13:06:50
rayquaza-mega,Found,12-09-2021 13:06:51
regice,Found,12-09-2021 13:06:52
regidrago,Found,12-09-2021 13:06:52
regieleki,Found,12-09-2021 13:06:53
regigigas,Found,12-09-2021 13:06:53
regirock,Found,12-09-2021 13:06:54
registeel,Found,12-09-2021 13:06:54
relicanth,Found,12-09-2021 13:06:55
remoraid,Found,12-09-2021 13:06:56
reshiram,Found,12-09-2021 13:06:56
reuniclus,Found,12-09-2021 13:06:57
rhydon,Found,12-09-2021 13:06:58
rhyhorn,Found,12-09-2021 13:06:58
rhyperior,Found,12-09-2021 13:06:58
ribombee,Found,12-09-2021 13:06:58
rillaboom,Found,12-09-2021 13:06:58
riolu,Found,12-09-2021 13:06:58
rockruff,Found,12-09-2021 13:06:59
roggenrola,Found,12-09-2021 13:06:59
rolycoly,Found,12-09-2021 13:06:59
rookidee,Found,12-09-2021 13:06:59
roselia,Found,12-09-2021 13:07:00
roserade,Found,12-09-2021 13:07:00
rotom,Found,12-09-2021 13:07:02
rotom-fan,Found,12-09-2021 13:07:02
rotom-frost,Found,12-09-2021 13:07:03
rotom-heat,Found,12-09-2021 13:07:04
rotom-mow,Found,12-09-2021 13:07:05
rotom-wash,Found,12-09-2021 13:07:06
rowlet,Found,12-09-2021 13:07:06
rufflet,Found,12-09-2021 13:07:07
runerigus,Found,12-09-2021 13:07:07
sableye,Found,12-09-2021 13:07:07
sableye-mega,Found,12-09-2021 13:07:07
salamence,Found,12-09-2021 13:07:08
salamence-mega,Found,12-09-2021 13:07:10
salandit,Found,12-09-2021 13:07:10
salazzle,Found,12-09-2021 13:07:11
samurott,Found,12-09-2021 13:07:12
sandaconda,Found,12-09-2021 13:07:13
sandile,Found,12-09-2021 13:07:14
sandshrew,Found,12-09-2021 13:07:15
sandshrew-alolan,Not Found,12-09-2021 13:07:17
sandslash,Found,12-09-2021 13:07:17
sandslash-alolan,Not Found,12-09-2021 13:07:19
sandygast,Found,12-09-2021 13:07:20
sawk,Found,12-09-2021 13:07:20
sawsbuck,Found,12-09-2021 13:07:20
scatterbug,Found,12-09-2021 13:07:21
sceptile,Found,12-09-2021 13:07:22
sceptile-mega,Found,12-09-2021 13:07:22
scizor,Found,12-09-2021 13:07:22
scizor-mega,Found,12-09-2021 13:07:23
scolipede,Found,12-09-2021 13:07:24
scorbunny,Found,12-09-2021 13:07:24
scrafty,Found,12-09-2021 13:07:25
scraggy,Found,12-09-2021 13:07:25
scyther,Found,12-09-2021 13:07:26
seadra,Found,12-09-2021 13:07:27
seaking,Found,12-09-2021 13:07:28
sealeo,Found,12-09-2021 13:07:29
seedot,Found,12-09-2021 13:07:29
seel,Found,12-09-2021 13:07:30
seismitoad,Found,12-09-2021 13:07:31
sentret,Found,12-09-2021 13:07:31
serperior,Found,12-09-2021 13:07:32
servine,Found,12-09-2021 13:07:33
seviper,Found,12-09-2021 13:07:34
sewaddle,Found,12-09-2021 13:07:35
sharpedo,Found,12-09-2021 13:07:36
sharpedo-mega,Found,12-09-2021 13:07:36
shaymin-land,Found,12-09-2021 13:07:37
shaymin-sky,Found,12-09-2021 13:07:37
shedinja,Found,12-09-2021 13:07:37
shelgon,Found,12-09-2021 13:07:37
shellder,Found,12-09-2021 13:07:38
shellos,Found,12-09-2021 13:07:38
shelmet,Found,12-09-2021 13:07:39
shieldon,Found,12-09-2021 13:07:40
shiftry,Found,12-09-2021 13:07:40
shiinotic,Found,12-09-2021 13:07:40
shinx,Found,12-09-2021 13:07:40
shroomish,Found,12-09-2021 13:07:41
shuckle,Found,12-09-2021 13:07:41
shuppet,Found,12-09-2021 13:07:42
sigilyph,Found,12-09-2021 13:07:42
silcoon,Found,12-09-2021 13:07:43
silicobra,Found,12-09-2021 13:07:43
silvally,Found,12-09-2021 13:07:44
simipour,Found,12-09-2021 13:07:44
simisage,Found,12-09-2021 13:07:45
simisear,Found,12-09-2021 13:07:46
sinistea,Found,12-09-2021 13:07:46
sirfetchd,Found,12-09-2021 13:07:46
sizzlipede,Found,12-09-2021 13:07:46
skarmory,Found,12-09-2021 13:07:47
skiddo,Found,12-09-2021 13:07:47
skiploom,Found,12-09-2021 13:07:48
skitty,Found,12-09-2021 13:07:49
skorupi,Found,12-09-2021 13:07:50
skrelp,Found,12-09-2021 13:07:51
skuntank,Found,12-09-2021 13:07:51
skwovet,Found,12-09-2021 13:07:51
slaking,Found,12-09-2021 13:07:52
slakoth,Found,12-09-2021 13:07:52
sliggoo,Found,12-09-2021 13:07:53
slowbro,Found,12-09-2021 13:07:53
slowbro-galarian,Not Found,12-09-2021 13:07:55
slowbro-mega,Found,12-09-2021 13:07:56
slowking,Found,12-09-2021 13:07:56
slowking-galarian,Not Found,12-09-2021 13:07:58
slowpoke,Found,12-09-2021 13:07:58
slowpoke-galarian,Not Found,12-09-2021 13:08:00
slugma,Found,12-09-2021 13:08:01
slurpuff,Found,12-09-2021 13:08:01
smeargle,Found,12-09-2021 13:08:02
smoochum,Found,12-09-2021 13:08:03
sneasel,Found,12-09-2021 13:08:04
snivy,Found,12-09-2021 13:08:04
snom,Found,12-09-2021 13:08:04
snorlax,Found,12-09-2021 13:08:04
snorunt,Found,12-09-2021 13:08:04
snover,Found,12-09-2021 13:08:05
snubbull,Found,12-09-2021 13:08:05
sobble,Found,12-09-2021 13:08:05
solgaleo,Found,12-09-2021 13:08:05
solosis,Found,12-09-2021 13:08:05
solrock,Found,12-09-2021 13:08:06
spearow,Found,12-09-2021 13:08:06
spectrier,Found,12-09-2021 13:08:06
spewpa,Found,12-09-2021 13:08:06
spheal,Found,12-09-2021 13:08:07
spinarak,Found,12-09-2021 13:08:08
spinda,Found,12-09-2021 13:08:08
spiritomb,Found,12-09-2021 13:08:09
spoink,Found,12-09-2021 13:08:09
spritzee,Found,12-09-2021 13:08:10
squirtle,Found,12-09-2021 13:08:10
stakataka,Found,12-09-2021 13:08:11
stantler,Found,12-09-2021 13:08:11
staraptor,Found,12-09-2021 13:08:11
staravia,Found,12-09-2021 13:08:11
starly,Found,12-09-2021 13:08:12
starmie,Found,12-09-2021 13:08:12
staryu,Found,12-09-2021 13:08:12
steelix,Found,12-09-2021 13:08:12
steelix-mega,Found,12-09-2021 13:08:12
steenee,Found,12-09-2021 13:08:12
stonjourner,Found,12-09-2021 13:08:12
stoutland,Found,12-09-2021 13:08:13
stufful,Found,12-09-2021 13:08:13
stunfisk,Found,12-09-2021 13:08:13
stunfisk-galarian,Not Found,12-09-2021 13:08:14
stunky,Found,12-09-2021 13:08:14
sudowoodo,Found,12-09-2021 13:08:15
suicune,Found,12-09-2021 13:08:15
sunflora,Found,12-09-2021 13:08:17
sunkern,Found,12-09-2021 13:08:17
surskit,Found,12-09-2021 13:08:18
swablu,Found,12-09-2021 13:08:18
swadloon,Found,12-09-2021 13:08:19
swalot,Found,12-09-2021 13:08:19
swampert,Found,12-09-2021 13:08:20
swampert-mega,Found,12-09-2021 13:08:20
swanna,Found,12-09-2021 13:08:21
swellow,Found,12-09-2021 13:08:21
swinub,Found,12-09-2021 13:08:21
swirlix,Found,12-09-2021 13:08:22
swoobat,Found,12-09-2021 13:08:23
sylveon,Found,12-09-2021 13:08:23
taillow,Found,12-09-2021 13:08:23
talonflame,Found,12-09-2021 13:08:23
tangela,Found,12-09-2021 13:08:23
tangrowth,Found,12-09-2021 13:08:23
tapu-bulu,Found,12-09-2021 13:08:24
tapu-fini,Found,12-09-2021 13:08:25
tapu-koko,Found,12-09-2021 13:08:25
tapu-lele,Found,12-09-2021 13:08:25
tauros,Found,12-09-2021 13:08:26
teddiursa,Found,12-09-2021 13:08:27
tentacool,Found,12-09-2021 13:08:27
tentacruel,Found,12-09-2021 13:08:27
tepig,Found,12-09-2021 13:08:29
terrakion,Found,12-09-2021 13:08:29
thievul,Found,12-09-2021 13:08:29
throh,Found,12-09-2021 13:08:30
thundurus-incarnate,Found,12-09-2021 13:08:30
thundurus-therian,Found,12-09-2021 13:08:31
thwackey,Found,12-09-2021 13:08:31
timburr,Found,12-09-2021 13:08:31
tirtouga,Found,12-09-2021 13:08:32
togedemaru,Found,12-09-2021 13:08:33
togekiss,Found,12-09-2021 13:08:33
togepi,Found,12-09-2021 13:08:33
togetic,Found,12-09-2021 13:08:34
torchic,Found,12-09-2021 13:08:34
torkoal,Found,12-09-2021 13:08:35
tornadus-incarnate,Found,12-09-2021 13:08:35
tornadus-therian,Found,12-09-2021 13:08:36
torracat,Found,12-09-2021 13:08:37
torterra,Found,12-09-2021 13:08:37
totodile,Found,12-09-2021 13:08:37
toucannon,Found,12-09-2021 13:08:37
toxapex,Found,12-09-2021 13:08:37
toxel,Found,12-09-2021 13:08:37
toxicroak,Found,12-09-2021 13:08:38
toxtricity-amped,Found,12-09-2021 13:08:38
toxtricity-low-key,Found,12-09-2021 13:08:39
tranquill,Found,12-09-2021 13:08:39
trapinch,Found,12-09-2021 13:08:40
treecko,Found,12-09-2021 13:08:40
trevenant,Found,12-09-2021 13:08:42
tropius,Found,12-09-2021 13:08:43
trubbish,Found,12-09-2021 13:08:43
trumbeak,Found,12-09-2021 13:08:43
tsareena,Found,12-09-2021 13:08:44
turtonator,Found,12-09-2021 13:08:45
turtwig,Found,12-09-2021 13:08:45
tympole,Found,12-09-2021 13:08:46
tynamo,Found,12-09-2021 13:08:47
type-null,Found,12-09-2021 13:08:48
typhlosion,Found,12-09-2021 13:08:48
tyranitar,Found,12-09-2021 13:08:48
tyranitar-mega,Found,12-09-2021 13:08:48
tyrantrum,Found,12-09-2021 13:08:49
tyrogue,Found,12-09-2021 13:08:50
tyrunt,Found,12-09-2021 13:08:51
umbreon,Found,12-09-2021 13:08:51
unfezant,Found,12-09-2021 13:08:51
unown,Found,12-09-2021 13:08:51
ursaring,Found,12-09-2021 13:08:52
urshifu-rapid-strike,Found,12-09-2021 13:08:53
urshifu-single-strike,Found,12-09-2021 13:08:53
uxie,Found,12-09-2021 13:08:53
vanillish,Found,12-09-2021 13:08:54
vanillite,Found,12-09-2021 13:08:54
vanilluxe,Found,12-09-2021 13:08:55
vaporeon,Found,12-09-2021 13:08:55
venipede,Found,12-09-2021 13:08:55
venomoth,Found,12-09-2021 13:08:56
venonat,Found,12-09-2021 13:08:56
venusaur,Found,12-09-2021 13:08:56
venusaur-mega,Found,12-09-2021 13:08:57
vespiquen,Found,12-09-2021 13:08:58
vibrava,Found,12-09-2021 13:08:59
victini,Found,12-09-2021 13:08:59
victreebel,Found,12-09-2021 13:09:00
vigoroth,Found,12-09-2021 13:09:01
vikavolt,Found,12-09-2021 13:09:01
vileplume,Found,12-09-2021 13:09:02
virizion,Found,12-09-2021 13:09:02
vivillon,Found,12-09-2021 13:09:03
volbeat,Found,12-09-2021 13:09:04
volcanion,Found,12-09-2021 13:09:05
volcarona,Found,12-09-2021 13:09:05
voltorb,Found,12-09-2021 13:09:06
vullaby,Found,12-09-2021 13:09:06
vulpix,Found,12-09-2021 13:09:06
vulpix-alolan,Not Found,12-09-2021 13:09:08
wailmer,Found,12-09-2021 13:09:09
wailord,Found,12-09-2021 13:09:10
walrein,Found,12-09-2021 13:09:11
wartortle,Found,12-09-2021 13:09:11
watchog,Found,12-09-2021 13:09:12
weavile,Found,12-09-2021 13:09:12
weedle,Found,12-09-2021 13:09:12
weepinbell,Found,12-09-2021 13:09:13
weezing,Found,12-09-2021 13:09:13
weezing-galarian,Not Found,12-09-2021 13:09:16
whimsicott,Found,12-09-2021 13:09:17
whirlipede,Found,12-09-2021 13:09:17
whiscash,Found,12-09-2021 13:09:17
whismur,Found,12-09-2021 13:09:18
wigglytuff,Found,12-09-2021 13:09:18
wimpod,Found,12-09-2021 13:09:19
wingull,Found,12-09-2021 13:09:19
wishiwashi-school,Found,12-09-2021 13:09:20
wishiwashi-solo,Found,12-09-2021 13:09:20
wobbuffet,Found,12-09-2021 13:09:21
woobat,Found,12-09-2021 13:09:21
wooloo,Found,12-09-2021 13:09:22
wooper,Found,12-09-2021 13:09:22
wormadam-plant,Found,12-09-2021 13:09:23
wormadam-sandy,Found,12-09-2021 13:09:24
wormadam-trash,Found,12-09-2021 13:09:24
wurmple,Found,12-09-2021 13:09:24
wynaut,Found,12-09-2021 13:09:24
xatu,Found,12-09-2021 13:09:25
xerneas,Found,12-09-2021 13:09:26
xurkitree,Found,12-09-2021 13:09:26
yamask,Found,12-09-2021 13:09:27
yamask-galarian,Not Found,12-09-2021 13:09:29
yamper,Found,12-09-2021 13:09:29
yanma,Found,12-09-2021 13:09:29
yanmega,Found,12-09-2021 13:09:29
yungoos,Found,12-09-2021 13:09:30
yveltal,Found,12-09-2021 13:09:30
zacian-crowned,Found,12-09-2021 13:09:31
zacian-hero,Found,12-09-2021 13:09:31
zamazenta-crowned,Found,12-09-2021 13:09:31
zamazenta-hero,Found,12-09-2021 13:09:31
zangoose,Found,12-09-2021 13:09:32
zapdos,Found,12-09-2021 13:09:32
zapdos-galarian,Not Found,12-09-2021 13:09:34
zarude,Found,12-09-2021 13:09:34
zebstrika,Found,12-09-2021 13:09:35
zekrom,Found,12-09-2021 13:09:35
zeraora,Found,12-09-2021 13:09:35
zigzagoon,Found,12-09-2021 13:09:36
zigzagoon-galarian,Not Found,12-09-2021 13:09:38
zoroark,Found,12-09-2021 13:09:38
zorua,Found,12-09-2021 13:09:38
zubat,Found,12-09-2021 13:09:38
zweilous,Found,12-09-2021 13:09:39
zygarde-10,Found,12-09-2021 13:09:40
zygarde-50,Found,12-09-2021 13:09:40
zygarde-complete,Found,12-09-2021 13:45:36
abomasnow,Found,12-09-2021 13:45:36
abomasnow-mega,Found,12-09-2021 13:45:36
abra,Found,12-09-2021 13:45:37
absol,Found,12-09-2021 13:45:37
absol-mega,Found,12-09-2021 13:45:37
accelgor,Found,12-09-2021 13:45:37
aegislash-blade,Found,12-09-2021 13:45:37
aegislash-shield,Found,12-09-2021 13:45:37
aerodactyl,Found,12-09-2021 13:45:38
aerodactyl-mega,Found,12-09-2021 13:45:38
aggron,Found,12-09-2021 13:45:38
aggron-mega,Found,12-09-2021 13:45:38
aipom,Found,12-09-2021 13:45:38
alakazam,Found,12-09-2021 13:45:38
alakazam-mega,Found,12-09-2021 13:45:38
alcremie,Found,12-09-2021 13:45:38
alomomola,Found,12-09-2021 13:45:38
altaria,Found,12-09-2021 13:45:38
altaria-mega,Found,12-09-2021 13:45:38
amaura,Found,12-09-2021 13:45:38
ambipom,Found,12-09-2021 13:45:38
amoonguss,Found,12-09-2021 13:45:39
ampharos,Found,12-09-2021 13:45:39
ampharos-mega,Found,12-09-2021 13:45:39
anorith,Found,12-09-2021 13:45:39
appletun,Found,12-09-2021 13:45:39
applin,Found,12-09-2021 13:45:39
araquanid,Found,12-09-2021 13:45:39
arbok,Found,12-09-2021 13:45:39
arcanine,Found,12-09-2021 13:45:39
arceus,Found,12-09-2021 13:45:40
archen,Found,12-09-2021 13:45:40
archeops,Found,12-09-2021 13:45:40
arctovish,Found,12-09-2021 13:45:40
arctozolt,Found,12-09-2021 13:45:40
ariados,Found,12-09-2021 13:45:40
armaldo,Found,12-09-2021 13:45:40
aromatisse,Found,12-09-2021 13:45:40
aron,Found,12-09-2021 13:45:40
arrokuda,Found,12-09-2021 13:45:40
articuno,Found,12-09-2021 13:45:40
articuno-galar,Found,12-09-2021 13:45:40
audino,Found,12-09-2021 13:45:40
audino-mega,Found,12-09-2021 13:45:40
aurorus,Found,12-09-2021 13:45:40
avalugg,Found,12-09-2021 13:45:40
axew,Found,12-09-2021 13:45:40
azelf,Found,12-09-2021 13:45:41
azumarill,Found,12-09-2021 13:45:41
azurill,Found,12-09-2021 13:45:41
bagon,Found,12-09-2021 13:45:41
baltoy,Found,12-09-2021 13:45:41
banette,Found,12-09-2021 13:45:41
banette-mega,Found,12-09-2021 13:45:41
barbaracle,Found,12-09-2021 13:45:41
barboach,Found,12-09-2021 13:45:41
barraskewda,Found,12-09-2021 13:45:41
basculin-blue-striped,Found,12-09-2021 13:45:41
basculin-red-striped,Found,12-09-2021 13:45:41
bastiodon,Found,12-09-2021 13:45:41
bayleef,Found,12-09-2021 13:45:41
beartic,Found,12-09-2021 13:45:42
beautifly,Found,12-09-2021 13:45:42
beedrill,Found,12-09-2021 13:45:42
beedrill-mega,Found,12-09-2021 13:45:42
beheeyem,Found,12-09-2021 13:45:42
beldum,Found,12-09-2021 13:45:42
bellossom,Found,12-09-2021 13:45:42
bellsprout,Found,12-09-2021 13:45:42
bergmite,Found,12-09-2021 13:45:42
bewear,Found,12-09-2021 13:45:42
bibarel,Found,12-09-2021 13:45:42
bidoof,Found,12-09-2021 13:45:42
binacle,Found,12-09-2021 13:45:42
bisharp,Found,12-09-2021 13:45:42
blacephalon,Found,12-09-2021 13:45:42
blastoise,Found,12-09-2021 13:45:42
blastoise-mega,Found,12-09-2021 13:45:43
blaziken,Found,12-09-2021 13:45:43
blaziken-mega,Found,12-09-2021 13:45:43
blipbug,Found,12-09-2021 13:45:43
blissey,Found,12-09-2021 13:45:43
blitzle,Found,12-09-2021 13:45:43
boldore,Found,12-09-2021 13:45:43
boltund,Found,12-09-2021 13:45:43
bonsly,Found,12-09-2021 13:45:43
bouffalant,Found,12-09-2021 13:45:43
bounsweet,Found,12-09-2021 13:45:43
braixen,Found,12-09-2021 13:45:43
braviary,Found,12-09-2021 13:45:43
breloom,Found,12-09-2021 13:45:43
brionne,Found,12-09-2021 13:45:43
bronzong,Found,12-09-2021 13:45:43
bronzor,Found,12-09-2021 13:45:44
bruxish,Found,12-09-2021 13:45:44
budew,Found,12-09-2021 13:45:44
buizel,Found,12-09-2021 13:45:44
bulbasaur,Found,12-09-2021 13:45:44
buneary,Found,12-09-2021 13:45:44
bunnelby,Found,12-09-2021 13:45:44
burmy,Found,12-09-2021 13:45:44
butterfree,Found,12-09-2021 13:45:44
buzzwole,Found,12-09-2021 13:45:44
cacnea,Found,12-09-2021 13:45:44
cacturne,Found,12-09-2021 13:45:45
calyrex,Found,12-09-2021 13:45:45
calyrex-ice-rider,Found,12-09-2021 13:45:45
calyrex-shadow-rider,Found,12-09-2021 13:45:45
camerupt,Found,12-09-2021 13:45:45
camerupt-mega,Found,12-09-2021 13:45:45
carbink,Found,12-09-2021 13:45:46
carkol,Found,12-09-2021 13:45:46
carnivine,Found,12-09-2021 13:45:46
carracosta,Found,12-09-2021 13:45:46
carvanha,Found,12-09-2021 13:45:46
cascoon,Found,12-09-2021 13:45:46
castform,Found,12-09-2021 13:45:46
castform-rainy,Found,12-09-2021 13:45:46
castform-snowy,Found,12-09-2021 13:45:46
castform-sunny,Found,12-09-2021 13:45:46
caterpie,Found,12-09-2021 13:45:46
celebi,Found,12-09-2021 13:45:46
celesteela,Found,12-09-2021 13:45:46
centiskorch,Found,12-09-2021 13:45:46
chandelure,Found,12-09-2021 13:45:46
chansey,Found,12-09-2021 13:45:47
charizard,Found,12-09-2021 13:45:47
charizard-mega-x,Found,12-09-2021 13:45:47
charizard-mega-y,Found,12-09-2021 13:45:47
charjabug,Found,12-09-2021 13:45:48
charmander,Found,12-09-2021 13:45:48
charmeleon,Found,12-09-2021 13:45:48
chatot,Found,12-09-2021 13:45:48
cherrim,Found,12-09-2021 13:45:48
cherubi,Found,12-09-2021 13:45:48
chesnaught,Found,12-09-2021 13:45:48
chespin,Found,12-09-2021 13:45:48
chewtle,Found,12-09-2021 13:45:48
chikorita,Found,12-09-2021 13:45:48
chimchar,Found,12-09-2021 13:45:48
chimecho,Found,12-09-2021 13:45:48
chinchou,Found,12-09-2021 13:45:49
chingling,Found,12-09-2021 13:45:49
cinccino,Found,12-09-2021 13:45:49
cinderace,Found,12-09-2021 13:45:49
clamperl,Found,12-09-2021 13:45:49
clauncher,Found,12-09-2021 13:45:49
clawitzer,Found,12-09-2021 13:45:49
claydol,Found,12-09-2021 13:45:49
clefable,Found,12-09-2021 13:45:49
clefairy,Found,12-09-2021 13:45:49
cleffa,Found,12-09-2021 13:45:49
clobbopus,Found,12-09-2021 13:45:49
cloyster,Found,12-09-2021 13:45:49
coalossal,Found,12-09-2021 13:45:49
cobalion,Found,12-09-2021 13:45:49
cofagrigus,Found,12-09-2021 13:45:49
combee,Found,12-09-2021 13:45:49
combusken,Found,12-09-2021 13:45:49
comfey,Found,12-09-2021 13:45:50
conkeldurr,Found,12-09-2021 13:45:50
copperajah,Found,12-09-2021 13:45:50
corphish,Found,12-09-2021 13:45:50
corsola,Found,12-09-2021 13:45:50
corsola-galar,Found,12-09-2021 13:45:50
corviknight,Found,12-09-2021 13:45:50
corvisquire,Found,12-09-2021 13:45:50
cosmoem,Found,12-09-2021 13:45:50
cosmog,Found,12-09-2021 13:45:50
cottonee,Found,12-09-2021 13:45:50
crabominable,Found,12-09-2021 13:45:50
crabrawler,Found,12-09-2021 13:45:50
cradily,Found,12-09-2021 13:45:50
cramorant,Found,12-09-2021 13:45:50
cranidos,Found,12-09-2021 13:45:50
crawdaunt,Found,12-09-2021 13:45:50
cresselia,Found,12-09-2021 13:45:51
croagunk,Found,12-09-2021 13:45:51
crobat,Found,12-09-2021 13:45:51
croconaw,Found,12-09-2021 13:45:51
crustle,Found,12-09-2021 13:45:51
cryogonal,Found,12-09-2021 13:45:51
cubchoo,Found,12-09-2021 13:45:51
cubone,Found,12-09-2021 13:45:51
cufant,Found,12-09-2021 13:45:51
cursola,Found,12-09-2021 13:45:51
cutiefly,Found,12-09-2021 13:45:51
cyndaquil,Found,12-09-2021 13:45:51
darkrai,Found,12-09-2021 13:45:51
darmanitan-standard-galar,Found,12-09-2021 13:45:51
darmanitan-zen-galar,Found,12-09-2021 13:45:51
darmanitan-standard,Found,12-09-2021 13:45:51
darmanitan-zen,Found,12-09-2021 13:45:52
dartrix,Found,12-09-2021 13:45:52
darumaka,Found,12-09-2021 13:45:52
darumaka-galar,Found,12-09-2021 13:45:52
decidueye,Found,12-09-2021 13:45:52
dedenne,Found,12-09-2021 13:45:52
deerling,Found,12-09-2021 13:45:52
deino,Found,12-09-2021 13:45:52
delcatty,Found,12-09-2021 13:45:52
delibird,Found,12-09-2021 13:45:52
delphox,Found,12-09-2021 13:45:52
deoxys-attack,Found,12-09-2021 13:45:52
deoxys-defense,Found,12-09-2021 13:45:52
deoxys-normal,Found,12-09-2021 13:45:52
deoxys-speed,Found,12-09-2021 13:45:52
dewgong,Found,12-09-2021 13:45:52
dewott,Found,12-09-2021 13:45:52
dewpider,Found,12-09-2021 13:45:52
dhelmise,Found,12-09-2021 13:45:53
dialga,Found,12-09-2021 13:45:53
diancie,Found,12-09-2021 13:45:53
diancie-mega,Found,12-09-2021 13:45:53
diggersby,Found,12-09-2021 13:45:53
diglett,Found,12-09-2021 13:45:53
diglett-alola,Found,12-09-2021 13:45:53
ditto,Found,12-09-2021 13:45:53
dodrio,Found,12-09-2021 13:45:53
doduo,Found,12-09-2021 13:45:53
donphan,Found,12-09-2021 13:45:53
dottler,Found,12-09-2021 13:45:53
doublade,Found,12-09-2021 13:45:53
dracovish,Found,12-09-2021 13:45:53
dracozolt,Found,12-09-2021 13:45:53
dragalge,Found,12-09-2021 13:45:53
dragapult,Found,12-09-2021 13:45:54
dragonair,Found,12-09-2021 13:45:54
dragonite,Found,12-09-2021 13:45:54
drakloak,Found,12-09-2021 13:45:54
drampa,Found,12-09-2021 13:45:54
drapion,Found,12-09-2021 13:45:54
dratini,Found,12-09-2021 13:45:54
drednaw,Found,12-09-2021 13:45:54
dreepy,Found,12-09-2021 13:45:54
drifblim,Found,12-09-2021 13:45:54
drifloon,Found,12-09-2021 13:45:54
drilbur,Found,12-09-2021 13:45:54
drizzile,Found,12-09-2021 13:45:54
drowzee,Found,12-09-2021 13:45:54
druddigon,Found,12-09-2021 13:45:54
dubwool,Found,12-09-2021 13:45:54
ducklett,Found,12-09-2021 13:45:54
dugtrio,Found,12-09-2021 13:45:54
dugtrio-alola,Found,12-09-2021 13:45:54
dunsparce,Found,12-09-2021 13:45:55
duosion,Found,12-09-2021 13:45:55
duraludon,Found,12-09-2021 13:45:55
durant,Found,12-09-2021 13:45:55
dusclops,Found,12-09-2021 13:45:55
dusknoir,Found,12-09-2021 13:45:55
duskull,Found,12-09-2021 13:45:55
dustox,Found,12-09-2021 13:45:55
dwebble,Found,12-09-2021 13:45:55
eelektrik,Found,12-09-2021 13:45:55
eelektross,Found,12-09-2021 13:45:55
eevee,Found,12-09-2021 13:45:55
eiscue-ice,Found,12-09-2021 13:45:55
eiscue-noice,Found,12-09-2021 13:45:55
ekans,Found,12-09-2021 13:45:55
eldegoss,Found,12-09-2021 13:45:55
electabuzz,Found,12-09-2021 13:45:56
electivire,Found,12-09-2021 13:45:56
electrike,Found,12-09-2021 13:45:56
electrode,Found,12-09-2021 13:45:56
elekid,Found,12-09-2021 13:45:56
elgyem,Found,12-09-2021 13:45:56
emboar,Found,12-09-2021 13:45:56
emolga,Found,12-09-2021 13:45:56
empoleon,Found,12-09-2021 13:45:57
entei,Found,12-09-2021 13:45:57
escavalier,Found,12-09-2021 13:45:57
espeon,Found,12-09-2021 13:45:57
espurr,Found,12-09-2021 13:45:57
eternatus,Found,12-09-2021 13:45:57
eternatus-eternamax,Found,12-09-2021 13:45:57
excadrill,Found,12-09-2021 13:45:57
exeggcute,Found,12-09-2021 13:45:57
exeggutor,Found,12-09-2021 13:45:57
exeggutor-alola,Found,12-09-2021 13:45:57
exploud,Found,12-09-2021 13:45:57
falinks,Found,12-09-2021 13:45:57
farfetchd,Found,12-09-2021 13:45:57
farfetchd-galar,Found,12-09-2021 13:45:57
fearow,Found,12-09-2021 13:45:57
feebas,Found,12-09-2021 13:45:58
fennekin,Found,12-09-2021 13:45:58
feraligatr,Found,12-09-2021 13:45:58
ferroseed,Found,12-09-2021 13:45:58
ferrothorn,Found,12-09-2021 13:45:58
finneon,Found,12-09-2021 13:45:58
flaaffy,Found,12-09-2021 13:45:59
flabebe,Found,12-09-2021 13:45:59
flapple,Found,12-09-2021 13:45:59
flareon,Found,12-09-2021 13:45:59
fletchinder,Found,12-09-2021 13:45:59
fletchling,Found,12-09-2021 13:45:59
floatzel,Found,12-09-2021 13:45:59
floette,Found,12-09-2021 13:45:59
florges,Found,12-09-2021 13:45:59
flygon,Found,12-09-2021 13:45:59
fomantis,Found,12-09-2021 13:45:59
foongus,Found,12-09-2021 13:45:59
forretress,Found,12-09-2021 13:45:59
fraxure,Found,12-09-2021 13:46:00
frillish,Found,12-09-2021 13:46:00
froakie,Found,12-09-2021 13:46:00
frogadier,Found,12-09-2021 13:46:00
froslass,Found,12-09-2021 13:46:00
frosmoth,Found,12-09-2021 13:46:00
furfrou,Found,12-09-2021 13:46:00
furret,Found,12-09-2021 13:46:00
gabite,Found,12-09-2021 13:46:00
gallade,Found,12-09-2021 13:46:00
gallade-mega,Found,12-09-2021 13:46:00
galvantula,Found,12-09-2021 13:46:00
garbodor,Found,12-09-2021 13:46:00
garchomp,Found,12-09-2021 13:46:00
garchomp-mega,Found,12-09-2021 13:46:00
gardevoir,Found,12-09-2021 13:46:00
gardevoir-mega,Found,12-09-2021 13:46:00
gastly,Found,12-09-2021 13:46:00
gastrodon,Found,12-09-2021 13:46:01
genesect,Found,12-09-2021 13:46:01
gengar,Found,12-09-2021 13:46:01
gengar-mega,Found,12-09-2021 13:46:01
geodude,Found,12-09-2021 13:46:01
geodude-alola,Found,12-09-2021 13:46:01
gible,Found,12-09-2021 13:46:01
gigalith,Found,12-09-2021 13:46:01
girafarig,Found,12-09-2021 13:46:01
giratina-altered,Found,12-09-2021 13:46:01
giratina-origin,Found,12-09-2021 13:46:01
glaceon,Found,12-09-2021 13:46:01
glalie,Found,12-09-2021 13:46:01
glalie-mega,Found,12-09-2021 13:46:01
glameow,Found,12-09-2021 13:46:02
glastrier,Found,12-09-2021 13:46:02
gligar,Found,12-09-2021 13:46:02
gliscor,Found,12-09-2021 13:46:02
gloom,Found,12-09-2021 13:46:02
gogoat,Found,12-09-2021 13:46:02
golbat,Found,12-09-2021 13:46:02
goldeen,Found,12-09-2021 13:46:02
golduck,Found,12-09-2021 13:46:02
golem,Found,12-09-2021 13:46:02
golem-alola,Found,12-09-2021 13:46:02
golett,Found,12-09-2021 13:46:02
golisopod,Found,12-09-2021 13:46:02
golurk,Found,12-09-2021 13:46:02
goodra,Found,12-09-2021 13:46:03
goomy,Found,12-09-2021 13:46:03
gorebyss,Found,12-09-2021 13:46:03
gossifleur,Found,12-09-2021 13:46:03
gothita,Found,12-09-2021 13:46:03
gothitelle,Found,12-09-2021 13:46:03
gothorita,Found,12-09-2021 13:46:03
gourgeist-average,Found,12-09-2021 13:46:03
granbull,Found,12-09-2021 13:46:03
grapploct,Found,12-09-2021 13:46:03
graveler,Found,12-09-2021 13:46:03
graveler-alola,Found,12-09-2021 13:46:03
greedent,Found,12-09-2021 13:46:03
greninja,Found,12-09-2021 13:46:03
greninja-ash,Found,12-09-2021 13:46:03
grimer,Found,12-09-2021 13:46:04
grimer-alola,Found,12-09-2021 13:46:04
grimmsnarl,Found,12-09-2021 13:46:04
grookey,Found,12-09-2021 13:46:04
grotle,Found,12-09-2021 13:46:04
groudon,Found,12-09-2021 13:46:04
groudon-primal,Found,12-09-2021 13:46:04
grovyle,Found,12-09-2021 13:46:04
growlithe,Found,12-09-2021 13:46:04
grubbin,Found,12-09-2021 13:46:04
grumpig,Found,12-09-2021 13:46:04
gulpin,Found,12-09-2021 13:46:04
gumshoos,Found,12-09-2021 13:46:04
gurdurr,Found,12-09-2021 13:46:04
guzzlord,Found,12-09-2021 13:46:04
gyarados,Found,12-09-2021 13:46:04
gyarados-mega,Found,12-09-2021 13:46:04
hakamo-o,Found,12-09-2021 13:46:04
happiny,Found,12-09-2021 13:46:05
hariyama,Found,12-09-2021 13:46:05
hatenna,Found,12-09-2021 13:46:05
hatterene,Found,12-09-2021 13:46:05
hattrem,Found,12-09-2021 13:46:05
haunter,Found,12-09-2021 13:46:05
hawlucha,Found,12-09-2021 13:46:05
haxorus,Found,12-09-2021 13:46:05
heatmor,Found,12-09-2021 13:46:05
heatran,Found,12-09-2021 13:46:05
heliolisk,Found,12-09-2021 13:46:05
helioptile,Found,12-09-2021 13:46:05
heracross,Found,12-09-2021 13:46:05
heracross-mega,Found,12-09-2021 13:46:05
herdier,Found,12-09-2021 13:46:05
hippopotas,Found,12-09-2021 13:46:05
hippowdon,Found,12-09-2021 13:46:05
hitmonchan,Found,12-09-2021 13:46:06
hitmonlee,Found,12-09-2021 13:46:06
hitmontop,Found,12-09-2021 13:46:06
honchkrow,Found,12-09-2021 13:46:06
honedge,Found,12-09-2021 13:46:06
ho-oh,Found,12-09-2021 13:46:06
hoopa,Found,12-09-2021 13:46:07
hoopa-unbound,Found,12-09-2021 13:46:07
hoothoot,Found,12-09-2021 13:46:07
hoppip,Found,12-09-2021 13:46:07
horsea,Found,12-09-2021 13:46:07
houndoom,Found,12-09-2021 13:46:07
houndoom-mega,Found,12-09-2021 13:46:07
houndour,Found,12-09-2021 13:46:07
huntail,Found,12-09-2021 13:46:07
hydreigon,Found,12-09-2021 13:46:07
hypno,Found,12-09-2021 13:46:07
igglybuff,Found,12-09-2021 13:46:07
illumise,Found,12-09-2021 13:46:07
impidimp,Found,12-09-2021 13:46:07
incineroar,Found,12-09-2021 13:46:07
indeedee-female,Found,12-09-2021 13:46:08
indeedee-male,Found,12-09-2021 13:46:08
infernape,Found,12-09-2021 13:46:08
inkay,Found,12-09-2021 13:46:08
inteleon,Found,12-09-2021 13:46:08
ivysaur,Found,12-09-2021 13:46:08
jangmo-o,Found,12-09-2021 13:46:08
jellicent,Found,12-09-2021 13:46:08
jigglypuff,Found,12-09-2021 13:46:08
jirachi,Found,12-09-2021 13:46:08
jolteon,Found,12-09-2021 13:46:08
joltik,Found,12-09-2021 13:46:08
jumpluff,Found,12-09-2021 13:46:08
jynx,Found,12-09-2021 13:46:08
kabuto,Found,12-09-2021 13:46:08
kabutops,Found,12-09-2021 13:46:08
kadabra,Found,12-09-2021 13:46:08
kakuna,Found,12-09-2021 13:46:09
kangaskhan,Found,12-09-2021 13:46:09
kangaskhan-mega,Found,12-09-2021 13:46:09
karrablast,Found,12-09-2021 13:46:09
kartana,Found,12-09-2021 13:46:10
kecleon,Found,12-09-2021 13:46:10
keldeo-ordinary,Found,12-09-2021 13:46:10
keldeo-resolute,Found,12-09-2021 13:46:10
kingdra,Found,12-09-2021 13:46:10
kingler,Found,12-09-2021 13:46:10
kirlia,Found,12-09-2021 13:46:10
klang,Found,12-09-2021 13:46:10
klefki,Found,12-09-2021 13:46:10
klink,Found,12-09-2021 13:46:10
klinklang,Found,12-09-2021 13:46:10
koffing,Found,12-09-2021 13:46:10
komala,Found,12-09-2021 13:46:10
kommo-o,Found,12-09-2021 13:46:10
krabby,Found,12-09-2021 13:46:10
kricketot,Found,12-09-2021 13:46:10
kricketune,Found,12-09-2021 13:46:10
krokorok,Found,12-09-2021 13:46:11
krookodile,Found,12-09-2021 13:46:11
kubfu,Found,12-09-2021 13:46:11
kyogre,Found,12-09-2021 13:46:11
kyogre-primal,Found,12-09-2021 13:46:11
kyurem,Found,12-09-2021 13:46:11
kyurem-black,Found,12-09-2021 13:46:11
kyurem-white,Found,12-09-2021 13:46:11
lairon,Found,12-09-2021 13:46:11
lampent,Found,12-09-2021 13:46:11
landorus-incarnate,Found,12-09-2021 13:46:11
landorus-therian,Found,12-09-2021 13:46:11
lanturn,Found,12-09-2021 13:46:11
lapras,Found,12-09-2021 13:46:11
larvesta,Found,12-09-2021 13:46:11
larvitar,Found,12-09-2021 13:46:11
latias,Found,12-09-2021 13:46:11
latias-mega,Found,12-09-2021 13:46:11
latios,Found,12-09-2021 13:46:12
latios-mega,Found,12-09-2021 13:46:12
leafeon,Found,12-09-2021 13:46:12
leavanny,Found,12-09-2021 13:46:12
ledian,Found,12-09-2021 13:46:12
ledyba,Found,12-09-2021 13:46:12
lickilicky,Found,12-09-2021 13:46:12
lickitung,Found,12-09-2021 13:46:12
liepard,Found,12-09-2021 13:46:12
lileep,Found,12-09-2021 13:46:12
lilligant,Found,12-09-2021 13:46:12
lillipup,Found,12-09-2021 13:46:12
linoone,Found,12-09-2021 13:46:12
linoone-galar,Found,12-09-2021 13:46:12
litleo,Found,12-09-2021 13:46:12
litten,Found,12-09-2021 13:46:12
litwick,Found,12-09-2021 13:46:12
lombre,Found,12-09-2021 13:46:12
lopunny,Found,12-09-2021 13:46:12
lopunny-mega,Found,12-09-2021 13:46:12
lotad,Found,12-09-2021 13:46:13
loudred,Found,12-09-2021 13:46:13
lucario,Found,12-09-2021 13:46:13
lucario-mega,Found,12-09-2021 13:46:13
ludicolo,Found,12-09-2021 13:46:13
lugia,Found,12-09-2021 13:46:13
lumineon,Found,12-09-2021 13:46:13
lunala,Found,12-09-2021 13:46:13
lunatone,Found,12-09-2021 13:46:13
lurantis,Found,12-09-2021 13:46:13
luvdisc,Found,12-09-2021 13:46:13
luxio,Found,12-09-2021 13:46:14
luxray,Found,12-09-2021 13:46:14
lycanroc-dusk,Found,12-09-2021 13:46:14
lycanroc-midday,Found,12-09-2021 13:46:14
lycanroc-midnight,Found,12-09-2021 13:46:14
machamp,Found,12-09-2021 13:46:14
machoke,Found,12-09-2021 13:46:14
machop,Found,12-09-2021 13:46:14
magby,Found,12-09-2021 13:46:15
magcargo,Found,12-09-2021 13:46:15
magearna,Found,12-09-2021 13:46:15
magikarp,Found,12-09-2021 13:46:15
magmar,Found,12-09-2021 13:46:15
magmortar,Found,12-09-2021 13:46:15
magnemite,Found,12-09-2021 13:46:15
magneton,Found,12-09-2021 13:46:15
magnezone,Found,12-09-2021 13:46:15
makuhita,Found,12-09-2021 13:46:15
malamar,Found,12-09-2021 13:46:15
mamoswine,Found,12-09-2021 13:46:15
manaphy,Found,12-09-2021 13:46:15
mandibuzz,Found,12-09-2021 13:46:15
manectric,Found,12-09-2021 13:46:15
manectric-mega,Found,12-09-2021 13:46:15
mankey,Found,12-09-2021 13:46:15
mantine,Found,12-09-2021 13:46:16
mantyke,Found,12-09-2021 13:46:16
maractus,Found,12-09-2021 13:46:16
mareanie,Found,12-09-2021 13:46:16
mareep,Found,12-09-2021 13:46:17
marill,Found,12-09-2021 13:46:17
marowak,Found,12-09-2021 13:46:17
marowak-alola,Found,12-09-2021 13:46:17
marshadow,Found,12-09-2021 13:46:18
marshtomp,Found,12-09-2021 13:46:18
masquerain,Found,12-09-2021 13:46:18
mawile,Found,12-09-2021 13:46:18
mawile-mega,Found,12-09-2021 13:46:18
medicham,Found,12-09-2021 13:46:18
medicham-mega,Found,12-09-2021 13:46:18
meditite,Found,12-09-2021 13:46:18
meganium,Found,12-09-2021 13:46:18
melmetal,Found,12-09-2021 13:46:18
meloetta-aria,Found,12-09-2021 13:46:18
meloetta-pirouette,Found,12-09-2021 13:46:18
meltan,Found,12-09-2021 13:46:18
meowstic-female,Found,12-09-2021 13:46:18
meowstic-male,Found,12-09-2021 13:46:18
meowth,Found,12-09-2021 13:46:18
meowth-alola,Found,12-09-2021 13:46:19
meowth-galar,Found,12-09-2021 13:46:19
mesprit,Found,12-09-2021 13:46:19
metagross,Found,12-09-2021 13:46:19
metagross-mega,Found,12-09-2021 13:46:19
metang,Found,12-09-2021 13:46:19
metapod,Found,12-09-2021 13:46:19
mew,Found,12-09-2021 13:46:19
mewtwo,Found,12-09-2021 13:46:19
mewtwo-mega-x,Found,12-09-2021 13:46:19
mewtwo-mega-y,Found,12-09-2021 13:46:19
mienfoo,Found,12-09-2021 13:46:19
mienshao,Found,12-09-2021 13:46:19
mightyena,Found,12-09-2021 13:46:19
milcery,Found,12-09-2021 13:46:19
milotic,Found,12-09-2021 13:46:19
miltank,Found,12-09-2021 13:46:19
mime-jr,Found,12-09-2021 13:46:21
mimikyu-disguised,Found,12-09-2021 13:46:21
minccino,Found,12-09-2021 13:46:21
minior-red,Found,12-09-2021 13:46:21
minior-red-meteor,Found,12-09-2021 13:46:21
minun,Found,12-09-2021 13:46:21
misdreavus,Found,12-09-2021 13:46:21
mismagius,Found,12-09-2021 13:46:21
moltres,Found,12-09-2021 13:46:21
moltres-galar,Found,12-09-2021 13:46:21
monferno,Found,12-09-2021 13:46:21
morelull,Found,12-09-2021 13:46:21
morgrem,Found,12-09-2021 13:46:21
morpeko,Found,12-09-2021 13:46:21
mothim,Found,12-09-2021 13:46:21
mr-mime,Found,12-09-2021 13:46:22
mr-mime-galar,Found,12-09-2021 13:46:22
mr-rime,Found,12-09-2021 13:46:22
mudbray,Found,12-09-2021 13:46:22
mudkip,Found,12-09-2021 13:46:22
mudsdale,Found,12-09-2021 13:46:22
muk,Found,12-09-2021 13:46:22
muk-alola,Found,12-09-2021 13:46:22
munchlax,Found,12-09-2021 13:46:22
munna,Found,12-09-2021 13:46:22
murkrow,Found,12-09-2021 13:46:22
musharna,Found,12-09-2021 13:46:22
naganadel,Found,12-09-2021 13:46:22
natu,Found,12-09-2021 13:46:22
necrozma,Found,12-09-2021 13:46:22
necrozma-dawn,Found,12-09-2021 13:46:22
necrozma-dusk,Found,12-09-2021 13:46:22
necrozma-ultra,Found,12-09-2021 13:46:23
nickit,Found,12-09-2021 13:46:23
nidoking,Found,12-09-2021 13:46:23
nidoqueen,Found,12-09-2021 13:46:23
nidoran-f,Found,12-09-2021 13:46:23
nidoran-m,Found,12-09-2021 13:46:23
nidorina,Found,12-09-2021 13:46:23
nidorino,Found,12-09-2021 13:46:23
nihilego,Found,12-09-2021 13:46:23
nincada,Found,12-09-2021 13:46:23
ninetales,Found,12-09-2021 13:46:23
ninetales-alola,Found,12-09-2021 13:46:23
ninjask,Found,12-09-2021 13:46:23
noctowl,Found,12-09-2021 13:46:23
noibat,Found,12-09-2021 13:46:23
noivern,Found,12-09-2021 13:46:23
nosepass,Found,12-09-2021 13:46:23
numel,Found,12-09-2021 13:46:23
nuzleaf,Found,12-09-2021 13:46:23
obstagoon,Found,12-09-2021 13:46:24
octillery,Found,12-09-2021 13:46:24
oddish,Found,12-09-2021 13:46:24
omanyte,Found,12-09-2021 13:46:24
omastar,Found,12-09-2021 13:46:24
onix,Found,12-09-2021 13:46:24
oranguru,Found,12-09-2021 13:46:24
orbeetle,Found,12-09-2021 13:46:24
oricorio-baile,Found,12-09-2021 13:46:24
oricorio-pau,Found,12-09-2021 13:46:24
oricorio-pom-pom,Found,12-09-2021 13:46:24
oricorio-sensu,Found,12-09-2021 13:46:24
oshawott,Found,12-09-2021 13:46:24
pachirisu,Found,12-09-2021 13:46:24
palkia,Found,12-09-2021 13:46:24
palossand,Found,12-09-2021 13:46:24
palpitoad,Found,12-09-2021 13:46:24
pancham,Found,12-09-2021 13:46:24
pangoro,Found,12-09-2021 13:46:25
panpour,Found,12-09-2021 13:46:25
pansage,Found,12-09-2021 13:46:26
pansear,Found,12-09-2021 13:46:26
paras,Found,12-09-2021 13:46:26
parasect,Found,12-09-2021 13:46:26
passimian,Found,12-09-2021 13:46:26
patrat,Found,12-09-2021 13:46:26
pawniard,Found,12-09-2021 13:46:26
pelipper,Found,12-09-2021 13:46:26
perrserker,Found,12-09-2021 13:46:26
persian,Found,12-09-2021 13:46:26
persian-alola,Found,12-09-2021 13:46:26
petilil,Found,12-09-2021 13:46:26
phanpy,Found,12-09-2021 13:46:26
phantump,Found,12-09-2021 13:46:26
pheromosa,Found,12-09-2021 13:46:26
phione,Found,12-09-2021 13:46:27
pichu,Found,12-09-2021 13:46:27
pidgeot,Found,12-09-2021 13:46:27
pidgeot-mega,Found,12-09-2021 13:46:27
pidgeotto,Found,12-09-2021 13:46:27
pidgey,Found,12-09-2021 13:46:27
pidove,Found,12-09-2021 13:46:27
pignite,Found,12-09-2021 13:46:28
pikachu,Found,12-09-2021 13:46:28
pikipek,Found,12-09-2021 13:46:28
piloswine,Found,12-09-2021 13:46:28
pincurchin,Found,12-09-2021 13:46:28
pineco,Found,12-09-2021 13:46:28
pinsir,Found,12-09-2021 13:46:28
pinsir-mega,Found,12-09-2021 13:46:28
piplup,Found,12-09-2021 13:46:28
plusle,Found,12-09-2021 13:46:28
poipole,Found,12-09-2021 13:46:28
politoed,Found,12-09-2021 13:46:28
poliwag,Found,12-09-2021 13:46:28
poliwhirl,Found,12-09-2021 13:46:28
poliwrath,Found,12-09-2021 13:46:29
polteageist,Found,12-09-2021 13:46:29
ponyta,Found,12-09-2021 13:46:29
ponyta-galar,Found,12-09-2021 13:46:29
poochyena,Found,12-09-2021 13:46:29
popplio,Found,12-09-2021 13:46:29
porygon,Found,12-09-2021 13:46:29
porygon2,Found,12-09-2021 13:46:29
porygon-z,Found,12-09-2021 13:46:29
primarina,Found,12-09-2021 13:46:29
primeape,Found,12-09-2021 13:46:29
prinplup,Found,12-09-2021 13:46:29
probopass,Found,12-09-2021 13:46:29
psyduck,Found,12-09-2021 13:46:29
pumpkaboo-average,Found,12-09-2021 13:46:30
pupitar,Found,12-09-2021 13:46:30
purrloin,Found,12-09-2021 13:46:30
purugly,Found,12-09-2021 13:46:30
pyroar,Found,12-09-2021 13:46:30
pyukumuku,Found,12-09-2021 13:46:30
quagsire,Found,12-09-2021 13:46:30
quilava,Found,12-09-2021 13:46:30
quilladin,Found,12-09-2021 13:46:30
qwilfish,Found,12-09-2021 13:46:30
raboot,Found,12-09-2021 13:46:30
raichu,Found,12-09-2021 13:46:30
raichu-alola,Found,12-09-2021 13:46:30
raikou,Found,12-09-2021 13:46:30
ralts,Found,12-09-2021 13:46:30
rampardos,Found,12-09-2021 13:46:30
rapidash,Found,12-09-2021 13:46:30
rapidash-galar,Found,12-09-2021 13:46:30
raticate,Found,12-09-2021 13:46:31
raticate-alola,Found,12-09-2021 13:46:31
rattata,Found,12-09-2021 13:46:31
rattata-alola,Found,12-09-2021 13:46:31
rayquaza,Found,12-09-2021 13:46:31
rayquaza-mega,Found,12-09-2021 13:46:31
regice,Found,12-09-2021 13:46:31
regidrago,Found,12-09-2021 13:46:31
regieleki,Found,12-09-2021 13:46:31
regigigas,Found,12-09-2021 13:46:31
regirock,Found,12-09-2021 13:46:31
registeel,Found,12-09-2021 13:46:31
relicanth,Found,12-09-2021 13:46:31
remoraid,Found,12-09-2021 13:46:31
reshiram,Found,12-09-2021 13:46:31
reuniclus,Found,12-09-2021 13:46:31
rhydon,Found,12-09-2021 13:46:31
rhyhorn,Found,12-09-2021 13:46:31
rhyperior,Found,12-09-2021 13:46:31
ribombee,Found,12-09-2021 13:46:32
rillaboom,Found,12-09-2021 13:46:32
riolu,Found,12-09-2021 13:46:32
rockruff,Found,12-09-2021 13:46:32
roggenrola,Found,12-09-2021 13:46:32
rolycoly,Found,12-09-2021 13:46:32
rookidee,Found,12-09-2021 13:46:32
roselia,Found,12-09-2021 13:46:32
roserade,Found,12-09-2021 13:46:32
rotom,Found,12-09-2021 13:46:32
rotom-fan,Found,12-09-2021 13:46:32
rotom-frost,Found,12-09-2021 13:46:32
rotom-heat,Found,12-09-2021 13:46:32
rotom-mow,Found,12-09-2021 13:46:32
rotom-wash,Found,12-09-2021 13:46:32
rowlet,Found,12-09-2021 13:46:32
rufflet,Found,12-09-2021 13:46:33
runerigus,Found,12-09-2021 13:46:33
sableye,Found,12-09-2021 13:46:33
sableye-mega,Found,12-09-2021 13:46:33
salamence,Found,12-09-2021 13:46:33
salamence-mega,Found,12-09-2021 13:46:33
salandit,Found,12-09-2021 13:46:33
salazzle,Found,12-09-2021 13:46:33
samurott,Found,12-09-2021 13:46:33
sandaconda,Found,12-09-2021 13:46:33
sandile,Found,12-09-2021 13:46:33
sandshrew,Found,12-09-2021 13:46:33
sandshrew-alola,Found,12-09-2021 13:46:33
sandslash,Found,12-09-2021 13:46:33
sandslash-alola,Found,12-09-2021 13:46:33
sandygast,Found,12-09-2021 13:46:33
sawk,Found,12-09-2021 13:46:33
sawsbuck,Found,12-09-2021 13:46:33
scatterbug,Found,12-09-2021 13:46:33
sceptile,Found,12-09-2021 13:46:34
sceptile-mega,Found,12-09-2021 13:46:34
scizor,Found,12-09-2021 13:46:34
scizor-mega,Found,12-09-2021 13:46:34
scolipede,Found,12-09-2021 13:46:35
scorbunny,Found,12-09-2021 13:46:35
scrafty,Found,12-09-2021 13:46:35
scraggy,Found,12-09-2021 13:46:35
scyther,Found,12-09-2021 13:46:36
seadra,Found,12-09-2021 13:46:36
seaking,Found,12-09-2021 13:46:36
sealeo,Found,12-09-2021 13:46:36
seedot,Found,12-09-2021 13:46:36
seel,Found,12-09-2021 13:46:36
seismitoad,Found,12-09-2021 13:46:36
sentret,Found,12-09-2021 13:46:36
serperior,Found,12-09-2021 13:46:36
servine,Found,12-09-2021 13:46:36
seviper,Found,12-09-2021 13:46:36
sewaddle,Found,12-09-2021 13:46:36
sharpedo,Found,12-09-2021 13:46:36
sharpedo-mega,Found,12-09-2021 13:46:36
shaymin-land,Found,12-09-2021 13:46:36
shaymin-sky,Found,12-09-2021 13:46:36
shedinja,Found,12-09-2021 13:46:37
shelgon,Found,12-09-2021 13:46:37
shellder,Found,12-09-2021 13:46:37
shellos,Found,12-09-2021 13:46:37
shelmet,Found,12-09-2021 13:46:37
shieldon,Found,12-09-2021 13:46:37
shiftry,Found,12-09-2021 13:46:37
shiinotic,Found,12-09-2021 13:46:37
shinx,Found,12-09-2021 13:46:37
shroomish,Found,12-09-2021 13:46:37
shuckle,Found,12-09-2021 13:46:37
shuppet,Found,12-09-2021 13:46:37
sigilyph,Found,12-09-2021 13:46:37
silcoon,Found,12-09-2021 13:46:37
silicobra,Found,12-09-2021 13:46:37
silvally,Found,12-09-2021 13:46:37
simipour,Found,12-09-2021 13:46:37
simisage,Found,12-09-2021 13:46:37
simisear,Found,12-09-2021 13:46:38
sinistea,Found,12-09-2021 13:46:38
sirfetchd,Found,12-09-2021 13:46:38
sizzlipede,Found,12-09-2021 13:46:38
skarmory,Found,12-09-2021 13:46:38
skiddo,Found,12-09-2021 13:46:38
skiploom,Found,12-09-2021 13:46:38
skitty,Found,12-09-2021 13:46:38
skorupi,Found,12-09-2021 13:46:38
skrelp,Found,12-09-2021 13:46:38
skuntank,Found,12-09-2021 13:46:38
skwovet,Found,12-09-2021 13:46:38
slaking,Found,12-09-2021 13:46:38
slakoth,Found,12-09-2021 13:46:38
sliggoo,Found,12-09-2021 13:46:38
slowbro,Found,12-09-2021 13:46:38
slowbro-galar,Found,12-09-2021 13:46:38
slowbro-mega,Found,12-09-2021 13:46:39
slowking,Found,12-09-2021 13:46:39
slowking-galar,Found,12-09-2021 13:46:39
slowpoke,Found,12-09-2021 13:46:39
slowpoke-galar,Found,12-09-2021 13:46:39
slugma,Found,12-09-2021 13:46:39
slurpuff,Found,12-09-2021 13:46:39
smeargle,Found,12-09-2021 13:46:39
smoochum,Found,12-09-2021 13:46:39
sneasel,Found,12-09-2021 13:46:39
snivy,Found,12-09-2021 13:46:39
snom,Found,12-09-2021 13:46:39
snorlax,Found,12-09-2021 13:46:39
snorunt,Found,12-09-2021 13:46:39
snover,Found,12-09-2021 13:46:39
snubbull,Found,12-09-2021 13:46:39
sobble,Found,12-09-2021 13:46:39
solgaleo,Found,12-09-2021 13:46:40
solosis,Found,12-09-2021 13:46:40
solrock,Found,12-09-2021 13:46:40
spearow,Found,12-09-2021 13:46:40
spectrier,Found,12-09-2021 13:46:40
spewpa,Found,12-09-2021 13:46:40
spheal,Found,12-09-2021 13:46:40
spinarak,Found,12-09-2021 13:46:40
spinda,Found,12-09-2021 13:46:40
spiritomb,Found,12-09-2021 13:46:40
spoink,Found,12-09-2021 13:46:40
spritzee,Found,12-09-2021 13:46:40
squirtle,Found,12-09-2021 13:46:40
stakataka,Found,12-09-2021 13:46:40
stantler,Found,12-09-2021 13:46:40
staraptor,Found,12-09-2021 13:46:40
staravia,Found,12-09-2021 13:46:40
starly,Found,12-09-2021 13:46:40
starmie,Found,12-09-2021 13:46:41
staryu,Found,12-09-2021 13:46:41
steelix,Found,12-09-2021 13:46:41
steelix-mega,Found,12-09-2021 13:46:41
steenee,Found,12-09-2021 13:46:41
stonjourner,Found,12-09-2021 13:46:41
stoutland,Found,12-09-2021 13:46:41
stufful,Found,12-09-2021 13:46:41
stunfisk,Found,12-09-2021 13:46:41
stunfisk-galar,Found,12-09-2021 13:46:41
stunky,Found,12-09-2021 13:46:41
sudowoodo,Found,12-09-2021 13:46:41
suicune,Found,12-09-2021 13:46:41
sunflora,Found,12-09-2021 13:46:41
sunkern,Found,12-09-2021 13:46:41
surskit,Found,12-09-2021 13:46:41
swablu,Found,12-09-2021 13:46:42
swadloon,Found,12-09-2021 13:46:42
swalot,Found,12-09-2021 13:46:42
swampert,Found,12-09-2021 13:46:42
swampert-mega,Found,12-09-2021 13:46:42
swanna,Found,12-09-2021 13:46:42
swellow,Found,12-09-2021 13:46:43
swinub,Found,12-09-2021 13:46:43
swirlix,Found,12-09-2021 13:46:43
swoobat,Found,12-09-2021 13:46:43
sylveon,Found,12-09-2021 13:46:43
taillow,Found,12-09-2021 13:46:43
talonflame,Found,12-09-2021 13:46:43
tangela,Found,12-09-2021 13:46:43
tangrowth,Found,12-09-2021 13:46:44
tapu-bulu,Found,12-09-2021 13:46:44
tapu-fini,Found,12-09-2021 13:46:44
tapu-koko,Found,12-09-2021 13:46:44
tapu-lele,Found,12-09-2021 13:46:44
tauros,Found,12-09-2021 13:46:44
teddiursa,Found,12-09-2021 13:46:44
tentacool,Found,12-09-2021 13:46:45
tentacruel,Found,12-09-2021 13:46:45
tepig,Found,12-09-2021 13:46:45
terrakion,Found,12-09-2021 13:46:45
thievul,Found,12-09-2021 13:46:45
throh,Found,12-09-2021 13:46:45
thundurus-incarnate,Found,12-09-2021 13:46:45
thundurus-therian,Found,12-09-2021 13:46:45
thwackey,Found,12-09-2021 13:46:45
timburr,Found,12-09-2021 13:46:45
tirtouga,Found,12-09-2021 13:46:46
togedemaru,Found,12-09-2021 13:46:46
togekiss,Found,12-09-2021 13:46:46
togepi,Found,12-09-2021 13:46:46
togetic,Found,12-09-2021 13:46:46
torchic,Found,12-09-2021 13:46:46
torkoal,Found,12-09-2021 13:46:46
tornadus-incarnate,Found,12-09-2021 13:46:46
tornadus-therian,Found,12-09-2021 13:46:46
torracat,Found,12-09-2021 13:46:46
torterra,Found,12-09-2021 13:46:46
totodile,Found,12-09-2021 13:46:46
toucannon,Found,12-09-2021 13:46:46
toxapex,Found,12-09-2021 13:46:46
toxel,Found,12-09-2021 13:46:46
toxicroak,Found,12-09-2021 13:46:46
toxtricity-amped,Found,12-09-2021 13:46:47
toxtricity-low-key,Found,12-09-2021 13:46:47
tranquill,Found,12-09-2021 13:46:47
trapinch,Found,12-09-2021 13:46:47
treecko,Found,12-09-2021 13:46:47
trevenant,Found,12-09-2021 13:46:47
tropius,Found,12-09-2021 13:46:47
trubbish,Found,12-09-2021 13:46:47
trumbeak,Found,12-09-2021 13:46:47
tsareena,Found,12-09-2021 13:46:47
turtonator,Found,12-09-2021 13:46:47
turtwig,Found,12-09-2021 13:46:47
tympole,Found,12-09-2021 13:46:47
tynamo,Found,12-09-2021 13:46:47
type-null,Found,12-09-2021 13:46:48
typhlosion,Found,12-09-2021 13:46:48
tyranitar,Found,12-09-2021 13:46:48
tyranitar-mega,Found,12-09-2021 13:46:48
tyrantrum,Found,12-09-2021 13:46:48
tyrogue,Found,12-09-2021 13:46:48
tyrunt,Found,12-09-2021 13:46:48
umbreon,Found,12-09-2021 13:46:48
unfezant,Found,12-09-2021 13:46:48
unown,Found,12-09-2021 13:46:48
ursaring,Found,12-09-2021 13:46:48
urshifu-rapid-strike,Found,12-09-2021 13:46:48
urshifu-single-strike,Found,12-09-2021 13:46:48
uxie,Found,12-09-2021 13:46:48
vanillish,Found,12-09-2021 13:46:48
vanillite,Found,12-09-2021 13:46:48
vanilluxe,Found,12-09-2021 13:46:48
vaporeon,Found,12-09-2021 13:46:48
venipede,Found,12-09-2021 13:46:49
venomoth,Found,12-09-2021 13:46:49
venonat,Found,12-09-2021 13:46:49
venusaur,Found,12-09-2021 13:46:49
venusaur-mega,Found,12-09-2021 13:46:49
vespiquen,Found,12-09-2021 13:46:49
vibrava,Found,12-09-2021 13:46:49
victini,Found,12-09-2021 13:46:49
victreebel,Found,12-09-2021 13:46:49
vigoroth,Found,12-09-2021 13:46:49
vikavolt,Found,12-09-2021 13:46:49
vileplume,Found,12-09-2021 13:46:49
virizion,Found,12-09-2021 13:46:49
vivillon,Found,12-09-2021 13:46:49
volbeat,Found,12-09-2021 13:46:49
volcanion,Found,12-09-2021 13:46:49
volcarona,Found,12-09-2021 13:46:49
voltorb,Found,12-09-2021 13:46:49
vullaby,Found,12-09-2021 13:46:50
vulpix,Found,12-09-2021 13:46:50
vulpix-alola,Found,12-09-2021 13:46:50
wailmer,Found,12-09-2021 13:46:50
wailord,Found,12-09-2021 13:46:50
walrein,Found,12-09-2021 13:46:50
wartortle,Found,12-09-2021 13:46:50
watchog,Found,12-09-2021 13:46:50
weavile,Found,12-09-2021 13:46:50
weedle,Found,12-09-2021 13:46:50
weepinbell,Found,12-09-2021 13:46:50
weezing,Found,12-09-2021 13:46:50
weezing-galar,Found,12-09-2021 13:46:50
whimsicott,Found,12-09-2021 13:46:50
whirlipede,Found,12-09-2021 13:46:50
whiscash,Found,12-09-2021 13:46:50
whismur,Found,12-09-2021 13:46:50
wigglytuff,Found,12-09-2021 13:46:50
wimpod,Found,12-09-2021 13:46:50
wingull,Found,12-09-2021 13:46:51
wishiwashi-school,Found,12-09-2021 13:46:51
wishiwashi-solo,Found,12-09-2021 13:46:51
wobbuffet,Found,12-09-2021 13:46:51
woobat,Found,12-09-2021 13:46:51
wooloo,Found,12-09-2021 13:46:51
wooper,Found,12-09-2021 13:46:51
wormadam-plant,Found,12-09-2021 13:46:51
wormadam-sandy,Found,12-09-2021 13:46:51
wormadam-trash,Found,12-09-2021 13:46:51
wurmple,Found,12-09-2021 13:46:51
wynaut,Found,12-09-2021 13:46:51
xatu,Found,12-09-2021 13:46:51
xerneas,Found,12-09-2021 13:46:51
xurkitree,Found,12-09-2021 13:46:51
yamask,Found,12-09-2021 13:46:51
yamask-galar,Found,12-09-2021 13:46:51
yamper,Found,12-09-2021 13:46:51
yanma,Found,12-09-2021 13:46:51
yanmega,Found,12-09-2021 13:46:52
yungoos,Found,12-09-2021 13:46:52
yveltal,Found,12-09-2021 13:46:52
zacian-crowned,Found,12-09-2021 13:46:52
zacian-hero,Found,12-09-2021 13:46:52
zamazenta-crowned,Found,12-09-2021 13:46:52
zamazenta-hero,Found,12-09-2021 13:46:53
zangoose,Found,12-09-2021 13:46:53
zapdos,Found,12-09-2021 13:46:53
zapdos-galar,Found,12-09-2021 13:46:53
zarude,Found,12-09-2021 13:46:53
zebstrika,Found,12-09-2021 13:46:53
zekrom,Found,12-09-2021 13:46:53
zeraora,Found,12-09-2021 13:46:53
zigzagoon,Found,12-09-2021 13:46:53
zigzagoon-galar,Found,12-09-2021 13:46:53
zoroark,Found,12-09-2021 13:46:53
zorua,Found,12-09-2021 13:46:53
zubat,Found,12-09-2021 13:46:53
zweilous,Found,12-09-2021 13:46:53
zygarde-10,Found,12-09-2021 13:46:53
zygarde-50,Found,12-09-2021 13:46:53
